1	2010-02-26 14:10:59Z UTC	2010	2	3	5	1	3	2.2
2	2009-09-30 15:09:43Z UTC	2009	9	4	3	1	3	2.0
4	2009-09-30 16:09:06Z UTC	2009	9	8	8	0	5	3.0
5	2009-10-05 16:10:10Z UTC	2009	10	3	8	1	8	4.125
10	2010-05-27 17:13:42Z UTC	2010	5	4	1	4	4	4.0
13	2011-01-17 16:31:28Z UTC	2011	1	3	3	1	3	2.0
22	2010-03-03 14:03:06Z UTC	2010	3	11	7	0	4	2.71428571428571
24	2009-12-01 07:13:53Z UTC	2009	12	3	2	2	3	2.5
28	2010-05-27 23:26:21Z UTC	2010	5	3	2	1	1	1.0
31	2010-01-22 03:14:17Z UTC	2010	1	5	4	1	7	3.0
33	2010-03-02 21:16:12Z UTC	2010	3	2	9	1	4	2.44444444444444
34	2010-12-01 13:26:22Z UTC	2010	12	3	18	1	15	4.16666666666667
41	2011-01-17 22:54:55Z UTC	2011	1	8	6	1	7	4.66666666666667
46	2011-01-18 11:34:29Z UTC	2011	1	3	3	1	4	3.0
48	2010-02-27 09:58:45Z UTC	2010	2	3	9	1	6	2.33333333333333
51	2010-02-16 19:20:31Z UTC	2010	2	2	1	2	2	2.0
53	2010-02-19 07:29:18Z UTC	2010	2	4	2	3	3	3.0
56	2010-02-22 15:40:46Z UTC	2010	2	3	3	2	6	4.33333333333333
58	2010-02-25 15:39:15Z UTC	2010	2	2	8	2	4	2.375
69	2011-01-21 09:00:26Z UTC	2011	1	11	10	0	5	2.7
76	2010-03-03 13:39:44Z UTC	2010	3	4	2	1	2	1.5
77	2010-03-02 17:45:34Z UTC	2010	3	2	1	2	2	2.0
79	2010-03-02 17:45:01Z UTC	2010	3	8	11	2	8	4.81818181818182
88	2010-03-02 17:44:16Z UTC	2010	3	2	2	1	3	2.0
90	2010-03-01 16:11:52Z UTC	2010	3	1	3	1	2	1.66666666666667
99	2011-01-21 09:09:50Z UTC	2011	1	6	3	2	3	2.66666666666667
102	2011-01-21 11:53:43Z UTC	2011	1	5	5	1	2	1.4
108	2010-03-02 17:40:36Z UTC	2010	3	2	2	2	2	2.0
111	2010-03-03 17:19:10Z UTC	2010	3	3	3	2	5	3.33333333333333
112	2011-03-02 15:13:01Z UTC	2011	3	18	19	1	18	6.21052631578947
128	2010-03-04 09:29:26Z UTC	2010	3	4	6	0	4	1.66666666666667
130	2010-03-04 11:41:29Z UTC	2010	3	8	4	0	6	3.0
132	2010-03-04 14:08:04Z UTC	2010	3	8	8	2	14	5.25
137	2010-03-04 14:40:30Z UTC	2010	3	6	9	1	6	2.88888888888889
138	2011-02-27 11:23:49Z UTC	2011	2	7	6	1	4	3.16666666666667
139	2010-03-04 23:14:40Z UTC	2010	3	-1	3	2	3	2.66666666666667
142	2010-03-04 15:08:48Z UTC	2010	3	10	12	1	12	3.16666666666667
149	2011-01-18 11:36:01Z UTC	2011	1	4	3	2	9	5.66666666666667
161	2010-04-14 14:47:27Z UTC	2010	4	4	3	1	5	3.33333333333333
162	2010-04-14 14:49:20Z UTC	2010	4	3	2	1	1	1.0
168	2011-01-17 23:19:08Z UTC	2011	1	4	4	2	5	3.25
173	2010-03-05 09:56:57Z UTC	2010	3	2	3	1	3	2.0
178	2010-03-05 13:06:24Z UTC	2010	3	1	4	1	8	3.25
181	2011-02-27 17:47:45Z UTC	2011	2	12	16	2	9	4.3125
183	2010-04-14 14:49:03Z UTC	2010	4	5	2	1	2	1.5
185	2011-01-17 23:11:31Z UTC	2011	1	3	2	4	4	4.0
186	2010-03-05 15:51:48Z UTC	2010	3	2	1	2	2	2.0
187	2010-03-05 15:59:48Z UTC	2010	3	4	3	2	4	3.0
201	2010-03-06 18:39:49Z UTC	2010	3	6	7	0	8	4.71428571428571
205	2010-03-06 21:00:23Z UTC	2010	3	1	1	1	1	1.0
215	2011-01-17 22:46:03Z UTC	2011	1	1	2	1	2	1.5
222	2010-03-07 12:53:55Z UTC	2010	3	4	4	1	3	2.25
228	2010-03-08 12:57:32Z UTC	2010	3	3	2	2	2	2.0
232	2010-03-08 16:54:31Z UTC	2010	3	9	4	1	7	4.0
238	2010-03-09 20:16:00Z UTC	2010	3	2	3	0	5	3.0
245	2011-01-17 22:55:16Z UTC	2011	1	5	10	0	7	2.5
251	2010-11-13 10:05:01Z UTC	2010	11	2	1	4	4	4.0
255	2010-03-10 21:26:16Z UTC	2010	3	1	3	0	3	1.33333333333333
256	2010-03-10 23:46:35Z UTC	2010	3	3	3	2	3	2.33333333333333
258	2010-03-11 01:27:26Z UTC	2010	3	5	3	0	8	3.33333333333333
268	2010-03-12 11:47:29Z UTC	2010	3	10	7	4	6	4.71428571428571
271	2010-03-12 14:15:23Z UTC	2010	3	4	3	3	5	4.0
277	2010-03-12 17:04:23Z UTC	2010	3	6	4	1	3	2.5
283	2010-03-13 15:46:57Z UTC	2010	3	5	8	2	11	5.625
287	2011-02-07 22:37:19Z UTC	2011	2	4	4	0	7	2.75
290	2010-03-15 07:11:09Z UTC	2010	3	1	2	2	4	3.0
296	2010-03-15 18:57:44Z UTC	2010	3	22	16	1	10	4.0
302	2010-03-16 00:05:48Z UTC	2010	3	4	4	2	9	5.5
308	2011-01-18 07:37:37Z UTC	2011	1	9	3	2	3	2.33333333333333
310	2010-03-16 10:09:33Z UTC	2010	3	3	9	1	6	2.88888888888889
311	2010-03-16 14:24:07Z UTC	2010	3	3	5	-1	9	3.0
328	2010-04-01 14:02:04Z UTC	2010	4	8	3	2	4	3.33333333333333
334	2010-03-17 17:01:00Z UTC	2010	3	4	5	0	8	3.2
348	2010-03-18 10:02:35Z UTC	2010	3	3	2	1	4	2.5
349	2010-04-26 13:44:12Z UTC	2010	4	14	10	2	20	5.9
357	2010-03-18 20:45:19Z UTC	2010	3	4	5	2	14	5.8
362	2010-03-19 13:49:39Z UTC	2010	3	3	2	1	2	1.5
363	2010-03-19 15:14:27Z UTC	2010	3	27	20	1	14	5.6
375	2010-03-20 12:24:42Z UTC	2010	3	3	3	0	5	3.0
378	2010-03-23 19:12:57Z UTC	2010	3	5	5	1	7	4.0
387	2010-03-23 11:44:40Z UTC	2010	3	2	3	3	6	4.0
388	2011-01-18 21:53:20Z UTC	2011	1	5	7	0	11	3.0
391	2011-01-17 23:12:03Z UTC	2011	1	4	2	3	5	4.0
398	2011-01-18 21:52:25Z UTC	2011	1	7	3	9	13	11.0
402	2010-04-27 17:19:50Z UTC	2010	4	8	8	1	5	3.375
403	2011-01-17 23:20:09Z UTC	2011	1	5	2	2	4	3.0
413	2010-03-22 20:42:28Z UTC	2010	3	4	5	1	9	3.4
420	2011-01-17 23:19:38Z UTC	2011	1	11	8	1	7	3.0
425	2010-03-23 14:37:58Z UTC	2010	3	6	2	2	4	3.0
427	2010-03-23 19:12:23Z UTC	2010	3	4	7	1	3	1.85714285714286
429	2010-03-23 21:16:57Z UTC	2010	3	4	2	5	5	5.0
435	2011-01-18 21:52:47Z UTC	2011	1	7	7	0	9	3.71428571428571
441	2010-03-24 13:15:10Z UTC	2010	3	10	9	2	6	3.22222222222222
451	2010-03-24 16:59:47Z UTC	2010	3	4	4	1	3	2.25
456	2010-03-24 17:25:03Z UTC	2010	3	6	8	-1	8	2.875
465	2011-01-13 00:51:47Z UTC	2011	1	14	5	1	11	4.0
469	2011-01-17 10:02:20Z UTC	2011	1	3	1	4	4	4.0
474	2011-01-17 23:20:39Z UTC	2011	1	8	3	2	3	2.33333333333333
479	2011-02-07 22:38:22Z UTC	2011	2	6	1	6	6	6.0
483	2010-03-25 11:54:29Z UTC	2010	3	3	5	1	6	2.6
486	2011-01-17 22:47:22Z UTC	2011	1	5	3	1	6	4.0
494	2011-01-21 08:47:04Z UTC	2011	1	4	12	0	9	2.5
502	2010-03-26 09:27:26Z UTC	2010	3	5	3	0	6	3.0
503	2011-02-07 22:28:00Z UTC	2011	2	2	7	-1	4	2.14285714285714
511	2010-03-29 14:28:58Z UTC	2010	3	6	6	1	5	2.33333333333333
517	2010-03-26 21:41:59Z UTC	2010	3	1	1	1	1	1.0
518	2010-03-28 13:44:29Z UTC	2010	3	4	3	1	4	2.66666666666667
519	2010-03-27 18:14:05Z UTC	2010	3	0	1	3	3	3.0
524	2010-03-30 10:57:39Z UTC	2010	3	1	9	1	7	2.88888888888889
530	2010-03-30 18:36:03Z UTC	2010	3	2	1	1	1	1.0
534	2011-01-17 22:55:46Z UTC	2011	1	5	6	1	7	3.33333333333333
536	2010-03-30 15:06:08Z UTC	2010	3	6	4	2	7	4.5
539	2011-01-17 23:09:42Z UTC	2011	1	14	10	1	12	5.4
544	2010-03-30 21:28:54Z UTC	2010	3	1	2	1	1	1.0
548	2011-01-18 11:48:30Z UTC	2011	1	-2	1	1	1	1.0
551	2010-03-31 10:30:24Z UTC	2010	3	8	3	1	2	1.33333333333333
556	2010-03-31 13:30:16Z UTC	2010	3	1	3	0	1	0.666666666666667
559	2010-03-31 17:22:42Z UTC	2010	3	4	2	6	6	6.0
569	2010-04-02 17:49:47Z UTC	2010	4	8	6	0	7	3.0
572	2010-04-02 20:22:34Z UTC	2010	4	1	3	2	4	2.66666666666667
574	2010-04-02 21:34:12Z UTC	2010	4	3	2	1	3	2.0
582	2010-04-03 04:12:59Z UTC	2010	4	4	1	2	2	2.0
584	2010-04-05 15:11:57Z UTC	2010	4	2	3	1	3	2.0
589	2010-04-06 15:07:30Z UTC	2010	4	1	2	1	2	1.5
593	2011-01-18 21:48:02Z UTC	2011	1	6	5	0	4	1.8
598	2010-04-07 13:38:04Z UTC	2010	4	5	5	0	4	2.0
602	2010-11-13 10:02:32Z UTC	2010	11	6	2	2	8	5.0
605	2010-04-08 11:36:07Z UTC	2010	4	1	1	1	1	1.0
608	2011-01-21 09:15:44Z UTC	2011	1	4	1	7	7	7.0
613	2010-04-08 17:06:00Z UTC	2010	4	9	5	2	8	4.0
614	2010-04-08 17:17:02Z UTC	2010	4	1	1	4	4	4.0
615	2010-04-08 17:18:13Z UTC	2010	4	1	1	1	1	1.0
617	2011-01-18 11:30:41Z UTC	2011	1	4	6	-1	5	2.0
622	2010-04-08 19:36:42Z UTC	2010	4	3	3	2	5	3.33333333333333
628	2010-04-09 12:21:26Z UTC	2010	4	4	4	1	2	1.5
630	2010-04-09 12:23:08Z UTC	2010	4	1	3	1	2	1.66666666666667
635	2011-01-17 22:48:01Z UTC	2011	1	6	2	2	6	4.0
638	2011-01-17 22:38:59Z UTC	2011	1	3	4	1	15	6.25
642	2011-01-17 22:37:55Z UTC	2011	1	6	3	1	10	4.33333333333333
648	2010-04-09 23:54:51Z UTC	2010	4	4	4	0	3	1.75
649	2011-01-18 21:55:14Z UTC	2011	1	1	3	0	3	1.33333333333333
651	2010-04-15 05:22:27Z UTC	2010	4	9	8	-1	7	3.375
660	2010-04-12 08:24:54Z UTC	2010	4	4	1	1	1	1.0
661	2011-01-17 22:47:41Z UTC	2011	1	2	1	4	4	4.0
662	2011-02-09 21:05:17Z UTC	2011	2	0	5	1	3	2.0
668	2010-04-12 19:53:27Z UTC	2010	4	3	1	3	3	3.0
671	2010-04-13 15:50:35Z UTC	2010	4	5	4	2	4	2.75
676	2010-05-02 17:29:48Z UTC	2010	5	7	3	2	8	5.66666666666667
677	2011-01-17 22:46:42Z UTC	2011	1	3	3	1	2	1.33333333333333
680	2010-04-14 08:23:45Z UTC	2010	4	3	4	3	5	4.0
694	2011-01-17 22:56:11Z UTC	2011	1	2	2	2	2	2.0
695	2011-01-17 22:56:46Z UTC	2011	1	5	3	2	5	3.33333333333333
699	2010-04-14 15:11:55Z UTC	2010	4	7	3	4	6	5.0
708	2010-04-15 14:05:44Z UTC	2010	4	16	9	1	10	4.33333333333333
711	2010-04-15 02:04:53Z UTC	2010	4	2	5	1	11	4.4
718	2011-01-17 22:45:41Z UTC	2011	1	4	2	-1	3	1.0
724	2011-01-17 22:45:09Z UTC	2011	1	3	3	2	5	3.66666666666667
726	2010-04-15 13:13:57Z UTC	2010	4	4	3	2	4	3.0
733	2011-02-15 22:45:08Z UTC	2011	2	2	4	1	5	2.5
735	2010-04-15 19:25:29Z UTC	2010	4	4	1	1	1	1.0
742	2011-01-17 23:23:19Z UTC	2011	1	2	2	1	2	1.5
744	2011-01-17 23:25:49Z UTC	2011	1	9	8	0	5	2.5
747	2011-01-18 11:25:50Z UTC	2011	1	1	2	2	3	2.5
748	2010-04-16 08:28:04Z UTC	2010	4	1	2	1	1	1.0
753	2010-07-09 12:56:27Z UTC	2010	7	3	2	1	3	2.0
755	2011-01-18 07:08:39Z UTC	2011	1	3	2	2	2	2.0
760	2010-09-17 21:17:05Z UTC	2010	9	1	3	2	2	2.0
761	2010-04-16 15:06:54Z UTC	2010	4	1	1	1	1	1.0
766	2010-04-16 19:20:42Z UTC	2010	4	5	1	7	7	7.0
768	2010-04-16 19:38:37Z UTC	2010	4	3	3	1	6	3.66666666666667
771	2011-01-17 22:44:45Z UTC	2011	1	3	3	0	5	2.66666666666667
773	2011-01-17 23:45:06Z UTC	2011	1	3	1	2	2	2.0
776	2010-04-19 09:11:04Z UTC	2010	4	2	1	2	2	2.0
778	2010-04-19 14:30:57Z UTC	2010	4	5	7	1	5	2.28571428571429
779	2011-01-18 07:08:04Z UTC	2011	1	2	2	0	1	0.5
782	2010-04-19 16:34:07Z UTC	2010	4	4	1	7	7	7.0
786	2011-01-18 11:43:40Z UTC	2011	1	4	3	0	2	1.33333333333333
788	2011-01-17 22:43:56Z UTC	2011	1	3	2	1	5	3.0
789	2011-01-17 22:43:26Z UTC	2011	1	3	4	1	7	4.25
793	2010-04-20 14:38:46Z UTC	2010	4	5	10	1	9	3.3
795	2010-04-20 15:06:30Z UTC	2010	4	1	1	1	1	1.0
806	2010-04-20 21:39:27Z UTC	2010	4	7	7	1	4	2.28571428571429
817	2010-04-22 17:52:00Z UTC	2010	4	4	2	3	7	5.0
818	2010-04-22 10:17:39Z UTC	2010	4	1	1	2	2	2.0
821	2011-01-17 23:16:53Z UTC	2011	1	2	1	3	3	3.0
822	2010-04-22 12:50:22Z UTC	2010	4	30	11	1	25	5.18181818181818
827	2010-04-26 12:09:18Z UTC	2010	4	7	2	3	4	3.5
832	2010-04-23 00:07:43Z UTC	2010	4	8	8	1	6	2.875
841	2010-04-23 09:29:41Z UTC	2010	4	2	3	1	3	1.66666666666667
843	2010-04-30 11:54:47Z UTC	2010	4	3	1	5	5	5.0
851	2011-01-17 22:34:46Z UTC	2011	1	2	4	2	6	3.0
857	2011-01-17 23:17:43Z UTC	2011	1	8	6	1	5	3.5
862	2011-01-17 22:35:58Z UTC	2011	1	2	1	2	2	2.0
866	2011-01-17 23:18:15Z UTC	2011	1	7	4	1	6	3.5
872	2011-01-17 22:42:33Z UTC	2011	1	1	2	1	3	2.0
877	2011-01-17 22:42:06Z UTC	2011	1	3	2	3	4	3.5
879	2010-04-27 00:35:38Z UTC	2010	4	7	4	2	5	3.25
880	2010-04-27 00:42:25Z UTC	2010	4	3	1	3	3	3.0
886	2010-04-27 15:57:54Z UTC	2010	4	6	2	3	5	4.0
888	2010-04-27 20:17:03Z UTC	2010	4	5	4	1	9	4.5
893	2010-04-28 13:30:28Z UTC	2010	4	3	1	3	3	3.0
896	2010-04-28 14:02:31Z UTC	2010	4	4	2	3	4	3.5
897	2011-01-18 07:32:45Z UTC	2011	1	3	5	1	4	3.0
906	2010-05-13 17:22:29Z UTC	2010	5	6	2	1	3	2.0
910	2010-05-01 17:08:07Z UTC	2010	5	4	3	1	3	2.0
912	2010-04-29 04:49:53Z UTC	2010	4	7	3	2	4	3.33333333333333
916	2010-04-29 07:59:21Z UTC	2010	4	7	3	3	7	5.33333333333333
921	2010-04-29 11:59:01Z UTC	2010	4	5	2	5	8	6.5
926	2010-04-29 13:33:54Z UTC	2010	4	6	1	5	5	5.0
929	2011-01-17 23:15:00Z UTC	2011	1	3	5	2	7	3.4
933	2010-05-04 09:26:41Z UTC	2010	5	3	3	1	4	2.33333333333333
943	2010-05-03 08:55:32Z UTC	2010	5	-3	2	0	3	1.5
945	2011-01-17 22:41:44Z UTC	2011	1	3	2	2	9	5.5
949	2011-01-17 22:40:44Z UTC	2011	1	5	4	0	5	3.25
951	2010-05-03 19:34:02Z UTC	2010	5	5	1	3	3	3.0
956	2010-05-04 14:30:38Z UTC	2010	5	4	3	2	5	3.0
957	2010-05-05 06:55:44Z UTC	2010	5	2	2	3	5	4.0
961	2010-05-05 20:15:40Z UTC	2010	5	2	2	2	2	2.0
962	2010-05-05 19:53:10Z UTC	2010	5	2	2	1	2	1.5
964	2010-05-05 20:29:37Z UTC	2010	5	0	1	1	1	1.0
967	2010-05-05 22:37:18Z UTC	2010	5	1	2	0	3	1.5
969	2011-01-18 07:42:04Z UTC	2011	1	4	4	2	5	3.5
979	2010-05-06 15:37:04Z UTC	2010	5	5	5	2	5	3.2
986	2011-01-17 22:58:19Z UTC	2011	1	2	3	1	4	3.0
988	2010-05-06 16:16:47Z UTC	2010	5	5	2	1	1	1.0
989	2010-05-06 21:55:56Z UTC	2010	5	2	2	1	3	2.0
995	2011-01-17 23:45:27Z UTC	2011	1	2	3	1	2	1.66666666666667
1001	2011-01-23 21:12:18Z UTC	2011	1	5	4	3	7	5.0
1002	2010-05-08 23:23:46Z UTC	2010	5	5	5	1	4	2.6
1008	2010-05-10 06:57:26Z UTC	2010	5	4	5	3	6	4.0
1011	2010-05-10 12:41:28Z UTC	2010	5	2	1	2	2	2.0
1015	2010-05-11 09:46:43Z UTC	2010	5	2	2	2	6	4.0
1017	2010-05-11 13:35:02Z UTC	2010	5	2	1	2	2	2.0
1021	2011-01-17 08:05:10Z UTC	2011	1	2	4	3	4	3.5
1026	2010-05-12 05:25:21Z UTC	2010	5	3	5	2	7	3.8
1028	2011-01-18 11:51:54Z UTC	2011	1	5	3	2	5	3.33333333333333
1032	2010-05-12 12:04:41Z UTC	2010	5	1	1	1	1	1.0
1036	2011-01-17 23:12:59Z UTC	2011	1	3	4	1	5	3.25
1039	2010-05-12 17:09:01Z UTC	2010	5	4	2	2	4	3.0
1041	2010-05-12 21:51:09Z UTC	2010	5	2	5	-1	4	1.8
1050	2010-05-17 02:35:57Z UTC	2010	5	6	4	3	7	4.75
1053	2010-05-13 17:11:24Z UTC	2010	5	7	6	2	7	3.16666666666667
1054	2010-06-02 18:09:39Z UTC	2010	6	4	4	2	9	4.5
1058	2011-01-17 23:12:31Z UTC	2011	1	6	7	0	9	3.0
1070	2011-01-18 21:39:24Z UTC	2011	1	9	1	2	2	2.0
1082	2011-02-10 07:56:39Z UTC	2011	2	4	3	1	7	3.0
1083	2010-07-28 06:17:42Z UTC	2010	7	9	4	1	8	4.25
1086	2010-05-18 10:23:12Z UTC	2010	5	4	3	3	7	4.33333333333333
1091	2011-02-07 22:09:47Z UTC	2011	2	4	2	0	4	2.0
1094	2010-05-18 14:19:55Z UTC	2010	5	3	5	2	2	2.0
1097	2011-01-17 18:58:18Z UTC	2011	1	4	4	1	10	3.75
1098	2010-05-18 13:42:31Z UTC	2010	5	4	1	6	6	6.0
1113	2011-01-17 08:04:11Z UTC	2011	1	2	3	0	9	3.33333333333333
1115	2010-05-19 15:54:53Z UTC	2010	5	9	3	2	3	2.33333333333333
1117	2010-05-20 00:18:23Z UTC	2010	5	1	1	6	6	6.0
1123	2010-05-20 10:28:00Z UTC	2010	5	1	1	4	4	4.0
1126	2010-05-20 14:30:21Z UTC	2010	5	3	3	2	5	3.0
1130	2010-05-20 22:43:55Z UTC	2010	5	2	4	2	4	2.5
1131	2010-05-20 23:04:50Z UTC	2010	5	8	2	7	17	12.0
1134	2010-05-21 01:02:25Z UTC	2010	5	7	3	1	5	3.0
1136	2010-05-21 04:34:25Z UTC	2010	5	4	7	0	8	3.14285714285714
1137	2011-01-17 22:39:25Z UTC	2011	1	7	3	2	7	5.0
1140	2011-01-17 11:08:46Z UTC	2011	1	2	4	1	4	2.75
1144	2010-05-21 13:02:19Z UTC	2010	5	1	1	1	1	1.0
1149	2011-01-17 11:16:21Z UTC	2011	1	3	2	2	3	2.5
1158	2011-01-17 07:54:12Z UTC	2011	1	1	2	2	2	2.0
1162	2010-11-13 10:03:13Z UTC	2010	11	6	2	8	11	9.5
1169	2011-01-17 23:27:47Z UTC	2011	1	3	1	1	1	1.0
1170	2010-05-25 14:38:41Z UTC	2010	5	10	2	11	11	11.0
1171	2011-01-18 12:06:58Z UTC	2011	1	2	1	4	4	4.0
1172	2011-01-17 16:35:01Z UTC	2011	1	2	3	1	3	2.0
1175	2010-05-24 19:34:21Z UTC	2010	5	2	1	5	5	5.0
1180	2011-01-17 23:28:17Z UTC	2011	1	3	2	2	2	2.0
1184	2010-05-25 04:31:16Z UTC	2010	5	10	9	3	14	5.11111111111111
1186	2011-01-17 16:32:53Z UTC	2011	1	2	2	2	3	2.5
1189	2010-05-26 03:34:30Z UTC	2010	5	3	1	6	6	6.0
1192	2010-05-25 09:32:36Z UTC	2010	5	1	2	2	2	2.0
1196	2010-07-21 08:23:08Z UTC	2010	7	8	8	0	15	4.75
1197	2010-05-25 12:35:52Z UTC	2010	5	2	4	1	4	3.0
1200	2010-05-25 12:55:19Z UTC	2010	5	4	3	0	7	2.33333333333333
1209	2010-05-25 19:40:43Z UTC	2010	5	3	2	1	4	2.5
1213	2010-05-25 21:13:42Z UTC	2010	5	4	1	3	3	3.0
1217	2010-05-26 11:02:04Z UTC	2010	5	3	1	14	14	14.0
1221	2011-01-17 08:16:31Z UTC	2011	1	6	3	2	5	3.66666666666667
1227	2010-05-27 03:13:49Z UTC	2010	5	8	7	0	9	3.28571428571429
1232	2010-05-28 07:30:41Z UTC	2010	5	4	1	2	2	2.0
1233	2010-05-27 16:33:37Z UTC	2010	5	9	8	0	5	2.625
1240	2010-05-27 16:02:54Z UTC	2010	5	6	2	1	2	1.5
1242	2010-05-28 08:58:32Z UTC	2010	5	4	2	2	6	4.0
1244	2010-05-27 23:14:14Z UTC	2010	5	3	3	2	3	2.33333333333333
1251	2010-05-28 13:46:23Z UTC	2010	5	6	7	1	5	3.0
1254	2011-01-17 18:56:57Z UTC	2011	1	0	3	1	4	2.66666666666667
1267	2010-05-29 18:39:19Z UTC	2010	5	4	4	0	8	3.25
1269	2011-01-17 22:36:50Z UTC	2011	1	17	9	0	18	4.22222222222222
1273	2010-05-31 06:59:20Z UTC	2010	5	5	5	2	8	3.8
1276	2011-01-17 22:36:21Z UTC	2011	1	5	1	4	4	4.0
1278	2010-05-31 14:40:35Z UTC	2010	5	8	6	3	5	4.0
1280	2011-01-21 15:25:05Z UTC	2011	1	15	6	1	8	4.33333333333333
1282	2010-06-04 22:06:59Z UTC	2010	6	3	2	1	2	1.5
1288	2011-01-17 11:03:27Z UTC	2011	1	-8	1	4	4	4.0
1289	2011-01-18 06:43:10Z UTC	2011	1	11	8	2	13	5.75
1295	2010-06-30 12:33:32Z UTC	2010	6	5	1	1	1	1.0
1298	2010-06-01 12:41:54Z UTC	2010	6	4	5	4	9	6.0
1302	2011-02-26 09:05:26Z UTC	2011	2	9	2	5	10	7.5
1314	2010-06-02 14:10:44Z UTC	2010	6	7	4	2	9	4.5
1316	2010-06-02 13:49:55Z UTC	2010	6	3	1	3	3	3.0
1324	2010-06-02 21:27:29Z UTC	2010	6	2	1	2	2	2.0
1327	2011-01-17 16:28:57Z UTC	2011	1	2	3	0	4	2.33333333333333
1331	2011-01-17 16:26:35Z UTC	2011	1	3	3	1	3	2.0
1333	2010-06-04 14:48:44Z UTC	2010	6	5	5	1	7	3.2
1337	2010-06-04 15:48:15Z UTC	2010	6	1	1	1	1	1.0
1340	2010-06-04 17:47:05Z UTC	2010	6	5	4	0	7	4.0
1341	2010-06-05 18:47:55Z UTC	2010	6	2	3	1	3	2.0
1346	2011-01-21 09:08:15Z UTC	2011	1	1	4	-1	3	1.5
1350	2010-06-05 15:26:58Z UTC	2010	6	1	3	1	2	1.33333333333333
1352	2010-06-05 12:17:17Z UTC	2010	6	2	1	3	3	3.0
1361	2010-06-08 17:00:52Z UTC	2010	6	6	6	2	4	2.83333333333333
1364	2010-06-08 00:29:34Z UTC	2010	6	2	2	4	6	5.0
1367	2011-02-09 12:45:33Z UTC	2011	2	5	7	1	4	2.0
1375	2010-06-15 12:24:02Z UTC	2010	6	3	2	2	3	2.5
1378	2010-06-15 12:23:09Z UTC	2010	6	3	2	3	3	3.0
1379	2010-06-09 08:49:31Z UTC	2010	6	6	4	1	7	3.75
1385	2010-06-08 19:06:06Z UTC	2010	6	7	5	1	6	3.0
1389	2011-02-12 09:10:39Z UTC	2011	2	3	4	0	4	1.25
1393	2010-06-09 04:06:25Z UTC	2010	6	2	2	1	1	1.0
1395	2011-01-17 22:35:38Z UTC	2011	1	2	1	5	5	5.0
1400	2010-06-11 02:44:36Z UTC	2010	6	1	4	2	5	3.5
1409	2011-01-21 09:17:25Z UTC	2011	1	2	2	1	2	1.5
1416	2010-06-10 19:42:58Z UTC	2010	6	2	3	0	7	3.0
1418	2010-06-11 12:19:27Z UTC	2010	6	3	1	1	1	1.0
1421	2010-06-11 02:50:09Z UTC	2010	6	1	1	2	2	2.0
1423	2010-06-11 07:27:33Z UTC	2010	6	2	3	2	11	5.33333333333333
1427	2011-02-09 21:04:47Z UTC	2011	2	3	2	1	3	2.0
1428	2010-06-11 12:16:20Z UTC	2010	6	2	2	1	7	4.0
1433	2011-01-19 07:16:56Z UTC	2011	1	5	1	5	5	5.0
1436	2010-06-11 18:01:53Z UTC	2010	6	3	5	0	3	1.2
1444	2010-06-14 11:11:14Z UTC	2010	6	6	4	2	6	3.75
1446	2010-06-13 10:04:43Z UTC	2010	6	4	3	1	6	3.0
1449	2010-06-13 15:18:33Z UTC	2010	6	3	2	0	1	0.5
1450	2011-01-17 23:30:33Z UTC	2011	1	13	4	-1	10	5.5
1452	2010-06-14 05:21:35Z UTC	2010	6	7	2	6	7	6.5
1455	2010-06-23 12:22:38Z UTC	2010	6	3	2	2	3	2.5
1457	2010-06-14 11:51:20Z UTC	2010	6	2	1	5	5	5.0
1459	2010-06-14 15:04:02Z UTC	2010	6	5	2	3	3	3.0
1466	2010-06-15 06:42:16Z UTC	2010	6	3	1	4	4	4.0
1467	2010-06-15 07:23:59Z UTC	2010	6	6	1	2	2	2.0
1473	2010-07-17 10:23:14Z UTC	2010	7	4	1	-1	-1	-1.0
1474	2011-01-17 16:18:13Z UTC	2011	1	4	5	1	6	3.2
1478	2010-06-15 16:26:13Z UTC	2010	6	4	1	1	1	1.0
1480	2010-06-15 17:58:43Z UTC	2010	6	3	4	0	5	1.75
1486	2010-06-16 14:27:19Z UTC	2010	6	3	2	2	2	2.0
1488	2010-06-16 16:19:51Z UTC	2010	6	4	2	0	1	0.5
1489	2011-01-18 07:31:46Z UTC	2011	1	1	3	0	10	4.33333333333333
1496	2010-06-17 18:34:11Z UTC	2010	6	2	2	2	5	3.5
1499	2010-06-17 22:25:14Z UTC	2010	6	3	1	4	4	4.0
1502	2010-06-18 09:44:08Z UTC	2010	6	3	1	4	4	4.0
1504	2010-06-18 15:08:42Z UTC	2010	6	2	4	-2	6	2.25
1510	2010-06-22 07:29:55Z UTC	2010	6	11	5	3	11	5.4
1516	2010-06-22 10:04:11Z UTC	2010	6	13	10	1	9	4.3
1521	2010-06-22 16:44:09Z UTC	2010	6	3	2	3	6	4.5
1525	2010-06-23 08:31:39Z UTC	2010	6	3	5	1	7	4.2
1528	2010-06-23 10:00:38Z UTC	2010	6	11	4	1	10	6.0
1534	2010-06-23 13:51:06Z UTC	2010	6	2	2	1	6	3.5
1539	2010-06-24 19:26:27Z UTC	2010	6	5	2	2	2	2.0
1542	2010-06-25 13:38:05Z UTC	2010	6	3	1	2	2	2.0
1545	2010-06-25 20:17:17Z UTC	2010	6	5	4	2	6	3.5
1549	2010-06-28 21:03:37Z UTC	2010	6	6	5	0	4	2.2
1553	2010-07-02 07:41:08Z UTC	2010	7	4	1	8	8	8.0
1555	2010-10-27 19:35:24Z UTC	2010	10	4	6	0	4	2.83333333333333
1556	2011-01-21 09:12:07Z UTC	2011	1	-1	1	2	2	2.0
1557	2010-06-29 20:23:22Z UTC	2010	6	4	2	6	7	6.5
1558	2011-01-17 23:14:04Z UTC	2011	1	2	2	5	8	6.5
1567	2010-06-30 09:45:08Z UTC	2010	6	2	1	1	1	1.0
1577	2010-06-30 20:21:27Z UTC	2010	6	4	2	1	3	2.0
1578	2010-06-30 21:22:33Z UTC	2010	6	1	2	0	1	0.5
1579	2010-07-01 03:39:56Z UTC	2010	7	2	2	2	6	4.0
1580	2011-01-17 22:57:41Z UTC	2011	1	3	1	5	5	5.0
1584	2011-01-17 23:16:07Z UTC	2011	1	3	2	1	5	3.0
1587	2011-01-18 11:55:38Z UTC	2011	1	3	2	0	2	1.0
1589	2011-01-17 18:55:22Z UTC	2011	1	2	2	1	4	2.5
1596	2010-07-01 19:53:21Z UTC	2010	7	6	6	2	12	5.33333333333333
1604	2010-07-01 22:51:08Z UTC	2010	7	3	1	4	4	4.0
1609	2010-07-02 10:29:25Z UTC	2010	7	7	1	3	3	3.0
1615	2010-07-04 18:18:13Z UTC	2010	7	2	1	2	2	2.0
1616	2010-07-05 06:00:51Z UTC	2010	7	8	4	1	5	2.25
1622	2010-07-07 12:28:28Z UTC	2010	7	7	1	5	5	5.0
1625	2011-01-17 23:27:09Z UTC	2011	1	1	1	2	2	2.0
1626	2010-07-06 09:20:25Z UTC	2010	7	9	3	1	8	4.33333333333333
1627	2010-07-06 09:22:44Z UTC	2010	7	3	1	3	3	3.0
1633	2010-07-06 19:32:37Z UTC	2010	7	3	2	0	5	2.5
1638	2010-07-08 05:58:29Z UTC	2010	7	3	4	0	3	1.5
1639	2010-07-07 03:52:38Z UTC	2010	7	3	2	0	7	3.5
1644	2010-07-08 03:00:03Z UTC	2010	7	3	2	1	4	2.5
1647	2010-07-08 09:39:41Z UTC	2010	7	3	3	2	5	3.0
1650	2011-01-21 09:14:34Z UTC	2011	1	4	1	1	1	1.0
1651	2010-07-08 22:21:06Z UTC	2010	7	10	4	1	10	4.5
1652	2010-07-08 23:03:42Z UTC	2010	7	5	2	3	7	5.0
1658	2010-07-09 08:21:16Z UTC	2010	7	5	2	4	5	4.5
1663	2010-07-21 08:20:06Z UTC	2010	7	7	3	2	10	5.33333333333333
1670	2010-07-12 18:14:43Z UTC	2010	7	3	2	0	4	2.0
1674	2010-07-12 15:49:36Z UTC	2010	7	2	1	1	1	1.0
1675	2010-07-12 16:44:14Z UTC	2010	7	3	2	1	3	2.0
1678	2010-07-17 10:24:56Z UTC	2010	7	6	1	2	2	2.0
1679	2011-01-17 22:35:09Z UTC	2011	1	7	4	1	3	2.0
1681	2010-07-13 14:08:07Z UTC	2010	7	3	2	1	4	2.5
1682	2010-07-13 14:25:33Z UTC	2010	7	5	3	1	2	1.33333333333333
1691	2010-07-15 14:55:23Z UTC	2010	7	4	6	0	3	1.16666666666667
1694	2011-01-17 23:08:33Z UTC	2011	1	6	2	6	8	7.0
1697	2010-07-14 07:16:46Z UTC	2010	7	4	1	9	9	9.0
1700	2010-07-14 10:13:39Z UTC	2010	7	5	2	0	2	1.0
1701	2011-02-12 09:10:21Z UTC	2011	2	4	1	3	3	3.0
1702	2011-01-17 22:34:08Z UTC	2011	1	3	1	8	8	8.0
1705	2010-07-15 07:47:34Z UTC	2010	7	-5	2	3	7	5.0
1708	2010-07-15 12:30:59Z UTC	2010	7	3	2	0	3	1.5
1710	2010-07-15 13:47:29Z UTC	2010	7	3	3	1	4	2.66666666666667
1714	2011-01-21 08:49:19Z UTC	2011	1	34	2	7	11	9.0
1718	2010-07-16 14:04:35Z UTC	2010	7	1	2	1	3	2.0
1727	2010-07-17 22:44:23Z UTC	2010	7	3	1	2	2	2.0
1728	2010-07-18 02:11:29Z UTC	2010	7	4	4	0	12	4.75
1732	2010-07-21 09:59:31Z UTC	2010	7	5	4	0	5	2.5
1733	2010-07-18 11:14:51Z UTC	2010	7	4	2	1	1	1.0
1743	2010-07-19 10:36:43Z UTC	2010	7	2	1	2	2	2.0
1745	2010-07-19 15:42:48Z UTC	2010	7	3	3	2	4	3.0
1749	2010-07-20 11:21:00Z UTC	2010	7	8	7	0	6	2.42857142857143
1759	2010-07-24 17:21:36Z UTC	2010	7	16	26	2	17	5.80769230769231
1767	2011-01-17 22:33:41Z UTC	2011	1	2	1	6	6	6.0
1771	2010-07-20 21:02:15Z UTC	2010	7	1	2	0	1	0.5
1777	2010-07-21 06:42:45Z UTC	2010	7	7	1	2	2	2.0
1780	2010-07-22 14:06:41Z UTC	2010	7	8	4	4	12	7.0
1788	2011-01-18 07:49:05Z UTC	2011	1	2	3	1	3	1.66666666666667
1793	2010-07-21 20:31:25Z UTC	2010	7	5	2	0	4	2.0
1797	2010-07-23 17:09:02Z UTC	2010	7	3	4	1	3	2.5
1817	2010-07-22 20:23:41Z UTC	2010	7	2	1	3	3	3.0
1818	2010-07-22 20:09:31Z UTC	2010	7	6	2	5	7	6.0
1821	2010-07-23 11:53:14Z UTC	2010	7	4	3	1	2	1.33333333333333
1824	2011-01-17 23:09:04Z UTC	2011	1	10	10	1	4	2.6
1828	2010-07-23 09:37:22Z UTC	2010	7	4	2	1	1	1.0
1837	2010-07-23 19:29:28Z UTC	2010	7	5	2	1	9	5.0
1839	2010-07-24 22:13:23Z UTC	2010	7	4	2	3	4	3.5
1840	2010-07-26 18:43:51Z UTC	2010	7	3	3	0	4	1.66666666666667
1848	2011-01-17 23:29:19Z UTC	2011	1	2	1	3	3	3.0
1853	2010-07-30 12:00:03Z UTC	2010	7	12	15	1	11	4.2
1861	2011-01-18 17:35:09Z UTC	2011	1	1	2	1	3	2.0
1869	2010-07-26 17:48:42Z UTC	2010	7	5	7	1	8	3.85714285714286
1875	2010-07-27 01:27:18Z UTC	2010	7	4	4	1	5	3.5
1877	2010-07-27 06:32:10Z UTC	2010	7	3	5	1	6	3.0
1885	2010-07-27 14:19:46Z UTC	2010	7	7	3	2	3	2.33333333333333
1891	2010-07-27 16:38:04Z UTC	2010	7	5	2	0	6	3.0
1895	2011-01-17 23:47:20Z UTC	2011	1	3	3	0	2	0.666666666666667
1897	2011-02-12 09:15:27Z UTC	2011	2	6	4	1	4	2.25
1900	2010-07-28 04:56:56Z UTC	2010	7	9	2	1	3	2.0
1904	2010-07-28 07:12:03Z UTC	2010	7	5	4	1	10	5.25
1910	2011-01-19 07:16:10Z UTC	2011	1	3	1	2	2	2.0
1913	2010-07-28 15:09:05Z UTC	2010	7	5	2	3	5	4.0
1917	2010-07-28 20:32:07Z UTC	2010	7	5	5	1	4	2.4
1918	2011-01-17 22:54:32Z UTC	2011	1	2	1	4	4	4.0
1924	2010-07-29 05:40:57Z UTC	2010	7	2	1	8	8	8.0
1926	2011-01-17 23:25:25Z UTC	2011	1	6	8	1	9	4.25
1931	2010-07-29 14:14:33Z UTC	2010	7	2	6	0	8	1.83333333333333
1936	2010-07-29 13:51:55Z UTC	2010	7	3	3	2	5	3.0
1941	2011-01-18 06:51:45Z UTC	2011	1	2	3	2	8	4.66666666666667
1947	2011-01-17 19:03:02Z UTC	2011	1	5	1	6	6	6.0
1951	2010-07-30 13:08:01Z UTC	2010	7	6	4	1	5	2.0
1963	2011-01-17 22:54:10Z UTC	2011	1	3	3	1	4	2.33333333333333
1968	2010-08-02 12:20:19Z UTC	2010	8	7	7	0	7	2.28571428571429
1973	2010-08-02 15:49:33Z UTC	2010	8	2	3	0	4	1.33333333333333
1975	2011-01-17 22:53:49Z UTC	2011	1	7	2	4	4	4.0
1979	2010-08-02 21:37:54Z UTC	2010	8	2	2	2	5	3.5
1983	2011-01-17 22:53:22Z UTC	2011	1	10	8	2	3	2.75
1988	2010-08-03 16:29:39Z UTC	2010	8	8	8	0	18	5.125
1995	2011-01-17 23:26:40Z UTC	2011	1	8	5	1	24	8.0
2002	2011-01-18 07:15:42Z UTC	2011	1	3	2	2	4	3.0
2006	2011-01-17 16:28:00Z UTC	2011	1	5	6	0	4	1.83333333333333
2014	2010-08-04 19:44:39Z UTC	2010	8	11	2	3	5	4.0
2016	2010-08-04 20:11:34Z UTC	2010	8	12	2	1	4	2.5
2022	2010-08-06 18:35:55Z UTC	2010	8	4	2	2	3	2.5
2023	2010-08-06 06:12:40Z UTC	2010	8	4	3	2	5	3.66666666666667
2029	2011-01-18 18:08:52Z UTC	2011	1	6	6	0	3	1.83333333333333
2035	2010-08-06 14:21:07Z UTC	2010	8	6	2	2	3	2.5
2038	2010-08-06 15:20:06Z UTC	2010	8	3	2	2	5	3.5
2042	2010-08-06 16:52:21Z UTC	2010	8	12	6	2	11	6.66666666666667
2047	2010-08-06 19:09:12Z UTC	2010	8	3	1	1	1	1.0
2055	2011-01-18 07:39:55Z UTC	2011	1	4	2	4	5	4.5
2058	2010-08-08 23:45:23Z UTC	2010	8	8	4	1	5	2.75
2064	2011-01-17 22:52:58Z UTC	2011	1	6	3	1	4	2.33333333333333
2067	2010-08-09 17:38:26Z UTC	2010	8	7	2	4	6	5.0
2069	2010-08-09 20:10:42Z UTC	2010	8	10	1	4	4	4.0
2071	2010-08-10 05:25:47Z UTC	2010	8	1	2	1	2	1.5
2072	2010-08-10 07:17:09Z UTC	2010	8	3	1	4	4	4.0
2077	2011-01-05 08:09:47Z UTC	2011	1	8	3	3	7	4.66666666666667
2079	2010-08-10 16:31:28Z UTC	2010	8	1	1	2	2	2.0
2080	2010-08-10 16:38:04Z UTC	2010	8	6	1	5	5	5.0
2085	2010-08-11 08:36:44Z UTC	2010	8	4	2	2	2	2.0
2087	2010-08-11 15:05:42Z UTC	2010	8	4	2	4	6	5.0
2091	2010-08-11 19:32:51Z UTC	2010	8	8	2	1	5	3.0
2093	2011-02-07 22:24:12Z UTC	2011	2	3	4	1	3	2.0
2097	2010-08-12 11:55:57Z UTC	2010	8	8	2	7	8	7.5
2099	2010-08-12 13:07:45Z UTC	2010	8	2	2	0	4	2.0
2102	2011-01-17 23:21:12Z UTC	2011	1	1	3	1	2	1.66666666666667
2110	2010-08-13 19:33:33Z UTC	2010	8	2	1	3	3	3.0
2118	2011-01-18 07:47:36Z UTC	2011	1	3	2	1	2	1.5
2121	2011-01-18 11:51:37Z UTC	2011	1	4	3	4	7	5.66666666666667
2125	2010-08-20 06:08:21Z UTC	2010	8	7	5	0	6	2.2
2130	2010-08-16 07:51:23Z UTC	2010	8	2	1	3	3	3.0
2131	2011-01-17 18:46:04Z UTC	2011	1	5	4	0	8	2.5
2137	2010-08-23 08:54:36Z UTC	2010	8	6	3	1	3	2.33333333333333
2138	2011-01-18 07:32:20Z UTC	2011	1	5	6	1	4	2.16666666666667
2142	2010-08-29 14:19:55Z UTC	2010	8	5	4	0	3	1.75
2145	2010-08-16 17:51:22Z UTC	2010	8	7	3	0	4	2.0
2149	2010-08-16 20:05:20Z UTC	2010	8	8	4	1	5	2.5
2153	2010-08-16 22:02:51Z UTC	2010	8	2	1	3	3	3.0
2155	2010-08-17 05:38:10Z UTC	2010	8	7	3	3	6	4.33333333333333
2157	2010-08-17 08:50:22Z UTC	2010	8	2	2	4	6	5.0
2162	2011-01-18 07:16:34Z UTC	2011	1	2	2	2	5	3.5
2165	2010-08-17 21:08:32Z UTC	2010	8	3	2	0	1	0.5
2172	2010-08-18 02:03:27Z UTC	2010	8	0	1	2	2	2.0
2174	2010-08-18 08:30:11Z UTC	2010	8	3	2	3	5	4.0
2178	2010-08-18 14:08:32Z UTC	2010	8	-2	2	0	1	0.5
2181	2010-08-18 16:49:52Z UTC	2010	8	4	2	1	2	1.5
2183	2010-08-19 04:12:50Z UTC	2010	8	7	2	1	4	2.5
2184	2010-08-19 06:56:40Z UTC	2010	8	3	3	2	6	3.66666666666667
2190	2011-02-12 09:04:50Z UTC	2011	2	2	1	3	3	3.0
2195	2011-01-17 22:30:22Z UTC	2011	1	8	4	1	11	4.75
2199	2010-08-20 11:14:56Z UTC	2010	8	3	3	1	4	3.0
2205	2010-08-23 15:59:21Z UTC	2010	8	11	3	2	7	4.66666666666667
2208	2010-08-21 10:04:51Z UTC	2010	8	3	1	4	4	4.0
2209	2010-08-21 17:14:23Z UTC	2010	8	3	1	3	3	3.0
2215	2010-08-23 02:53:22Z UTC	2010	8	1	2	2	2	2.0
2219	2010-08-23 07:16:56Z UTC	2010	8	0	2	0	1	0.5
2227	2010-08-23 14:35:02Z UTC	2010	8	7	5	0	7	2.4
2239	2011-02-12 09:09:44Z UTC	2011	2	3	1	5	5	5.0
2241	2010-08-24 21:59:04Z UTC	2010	8	6	4	1	4	2.0
2245	2011-01-17 22:29:33Z UTC	2011	1	12	8	0	8	4.125
2253	2010-08-26 00:34:37Z UTC	2010	8	9	3	0	10	5.66666666666667
2256	2011-01-18 12:07:35Z UTC	2011	1	5	4	1	7	3.5
2263	2010-08-26 14:15:00Z UTC	2010	8	1	1	3	3	3.0
2264	2010-08-26 14:13:52Z UTC	2010	8	1	1	3	3	3.0
2267	2010-08-26 15:32:25Z UTC	2010	8	1	1	1	1	1.0
2268	2011-01-18 18:08:30Z UTC	2011	1	2	3	1	1	1.0
2274	2010-08-26 20:35:07Z UTC	2010	8	5	5	0	7	2.8
2278	2010-08-27 02:47:42Z UTC	2010	8	4	1	8	8	8.0
2282	2011-01-17 08:12:09Z UTC	2011	1	1	1	0	0	0.0
2283	2010-08-27 15:22:02Z UTC	2010	8	4	2	1	3	2.0
2295	2011-01-18 11:24:54Z UTC	2011	1	2	2	2	6	4.0
2297	2010-08-30 17:42:18Z UTC	2010	8	3	2	2	3	2.5
2303	2011-01-18 11:21:23Z UTC	2011	1	3	2	1	2	1.5
2304	2010-08-31 18:13:31Z UTC	2010	8	4	2	2	9	5.5
2306	2011-01-17 23:44:46Z UTC	2011	1	4	1	6	6	6.0
2307	2010-08-31 21:48:04Z UTC	2010	8	3	1	1	1	1.0
2309	2010-09-01 06:39:00Z UTC	2010	9	4	2	4	7	5.5
2314	2010-09-01 13:13:09Z UTC	2010	9	3	1	5	5	5.0
2318	2011-02-11 15:50:50Z UTC	2011	2	4	4	2	7	3.75
2319	2010-09-02 06:48:54Z UTC	2010	9	1	3	0	3	1.0
2321	2010-09-03 04:55:57Z UTC	2010	9	4	4	2	6	4.0
2324	2011-01-18 11:24:30Z UTC	2011	1	7	2	5	7	6.0
2327	2010-09-02 06:45:50Z UTC	2010	9	3	4	0	3	1.75
2333	2010-09-02 13:03:35Z UTC	2010	9	4	2	1	3	2.0
2336	2010-09-02 15:58:01Z UTC	2010	9	3	2	0	2	1.0
2337	2010-09-02 16:11:53Z UTC	2010	9	4	2	2	4	3.0
2342	2010-09-02 18:27:24Z UTC	2010	9	4	2	1	2	1.5
2348	2011-01-18 07:42:53Z UTC	2011	1	3	2	3	3	3.0
2350	2011-02-20 16:57:50Z UTC	2011	2	3	2	5	5	5.0
2353	2010-09-03 17:13:30Z UTC	2010	9	1	2	0	2	1.0
2356	2010-09-03 21:57:29Z UTC	2010	9	3	5	0	3	2.0
2361	2010-09-04 18:36:14Z UTC	2010	9	2	4	0	4	1.5
2365	2011-01-17 23:44:25Z UTC	2011	1	2	1	2	2	2.0
2367	2010-09-08 13:38:45Z UTC	2010	9	1	5	2	4	2.6
2369	2011-01-18 07:25:39Z UTC	2011	1	7	5	0	3	1.8
2371	2010-09-07 12:10:39Z UTC	2010	9	4	2	5	7	6.0
2377	2011-01-21 08:59:57Z UTC	2011	1	9	8	0	8	3.75
2388	2011-01-17 20:52:08Z UTC	2011	1	2	3	2	5	3.0
2391	2011-01-17 18:48:22Z UTC	2011	1	1	1	5	5	5.0
2395	2011-01-06 18:15:20Z UTC	2011	1	2	4	0	4	1.5
2398	2010-09-08 14:10:22Z UTC	2010	9	5	2	2	7	4.5
2399	2010-09-13 01:20:03Z UTC	2010	9	4	6	1	6	3.33333333333333
2402	2010-09-08 16:11:47Z UTC	2010	9	2	4	1	2	1.5
2417	2010-09-15 15:05:21Z UTC	2010	9	7	7	1	8	3.57142857142857
2420	2011-01-17 23:13:23Z UTC	2011	1	3	3	3	4	3.33333333333333
2427	2010-09-09 19:25:16Z UTC	2010	9	1	1	6	6	6.0
2431	2010-09-10 04:20:40Z UTC	2010	9	1	3	0	2	0.666666666666667
2434	2010-09-10 08:59:21Z UTC	2010	9	2	2	3	9	6.0
2440	2011-03-05 10:43:37Z UTC	2011	3	4	8	0	8	2.625
2445	2011-01-18 11:25:28Z UTC	2011	1	2	4	0	6	3.75
2446	2010-09-11 16:07:55Z UTC	2010	9	2	1	5	5	5.0
2451	2010-11-19 18:03:07Z UTC	2010	11	10	7	0	14	4.42857142857143
2455	2011-01-17 23:22:44Z UTC	2011	1	6	3	0	6	3.66666666666667
2461	2010-09-13 17:03:43Z UTC	2010	9	1	2	0	6	3.0
2462	2010-09-13 17:27:01Z UTC	2010	9	1	3	0	3	2.0
2466	2011-02-21 11:03:20Z UTC	2011	2	3	2	0	5	2.5
2471	2010-09-14 21:21:32Z UTC	2010	9	8	2	0	5	2.5
2473	2010-09-15 06:51:31Z UTC	2010	9	2	2	0	3	1.5
2476	2010-09-15 08:49:00Z UTC	2010	9	4	4	2	10	5.25
2480	2010-09-15 12:25:33Z UTC	2010	9	4	2	0	6	3.0
2483	2011-02-12 09:09:16Z UTC	2011	2	5	5	1	4	2.2
2488	2010-09-15 16:02:17Z UTC	2010	9	8	3	2	5	4.0
2492	2010-09-16 04:09:52Z UTC	2010	9	1	3	0	2	1.0
2494	2010-09-16 09:07:23Z UTC	2010	9	1	4	1	2	1.75
2499	2010-11-23 09:46:42Z UTC	2010	11	7	3	3	6	4.0
2505	2010-09-16 22:47:39Z UTC	2010	9	2	1	4	4	4.0
2508	2010-09-17 16:46:58Z UTC	2010	9	3	4	1	9	4.25
2512	2010-09-17 16:28:07Z UTC	2010	9	2	2	1	4	2.5
2515	2010-10-20 22:30:17Z UTC	2010	10	3	1	1	1	1.0
2519	2010-09-18 02:11:04Z UTC	2010	9	4	1	3	3	3.0
2522	2010-09-18 10:42:54Z UTC	2010	9	3	1	2	2	2.0
2526	2011-01-21 09:16:56Z UTC	2011	1	1	1	3	3	3.0
2529	2010-09-20 23:32:00Z UTC	2010	9	2	2	0	3	1.5
2531	2011-02-09 14:27:25Z UTC	2011	2	13	8	0	12	2.875
2536	2010-09-21 09:11:29Z UTC	2010	9	1	6	0	3	1.16666666666667
2542	2010-09-21 13:54:13Z UTC	2010	9	2	5	1	4	1.8
2546	2011-01-17 16:37:42Z UTC	2011	1	3	2	1	5	3.0
2550	2010-09-21 21:02:02Z UTC	2010	9	1	1	2	2	2.0
2555	2010-09-22 15:10:27Z UTC	2010	9	4	5	1	8	4.4
2557	2010-09-22 11:55:43Z UTC	2010	9	2	3	0	1	0.666666666666667
2561	2010-09-22 15:24:00Z UTC	2010	9	3	2	1	4	2.5
2568	2010-09-23 09:04:03Z UTC	2010	9	3	5	0	1	0.8
2572	2010-09-23 12:31:41Z UTC	2010	9	1	1	1	1	1.0
2577	2011-02-09 12:45:00Z UTC	2011	2	6	4	2	8	4.75
2581	2010-09-23 23:26:19Z UTC	2010	9	4	5	0	7	2.8
2584	2010-09-24 02:13:16Z UTC	2010	9	3	1	1	1	1.0
2591	2010-09-24 09:56:50Z UTC	2010	9	1	5	1	5	2.2
2602	2010-09-29 07:12:49Z UTC	2010	9	7	6	3	6	4.0
2609	2010-09-25 21:56:57Z UTC	2010	9	3	1	6	6	6.0
2611	2010-09-27 05:39:24Z UTC	2010	9	4	5	1	9	3.4
2615	2010-09-27 10:14:29Z UTC	2010	9	2	2	1	4	2.5
2617	2010-09-27 10:30:53Z UTC	2010	9	1	2	2	3	2.5
2624	2010-09-27 17:47:54Z UTC	2010	9	6	4	0	7	3.5
2632	2010-09-28 10:06:05Z UTC	2010	9	5	3	4	8	6.0
2635	2010-09-28 11:45:21Z UTC	2010	9	2	3	2	2	2.0
2638	2010-09-28 13:05:30Z UTC	2010	9	2	4	0	3	1.5
2647	2010-09-29 11:38:14Z UTC	2010	9	3	1	2	2	2.0
2648	2010-09-29 11:57:54Z UTC	2010	9	3	1	4	4	4.0
2652	2010-09-29 14:07:17Z UTC	2010	9	2	2	2	2	2.0
2653	2010-09-29 15:03:51Z UTC	2010	9	-1	2	2	2	2.0
2654	2010-09-29 15:19:39Z UTC	2010	9	4	2	2	4	3.0
2655	2010-09-29 15:36:04Z UTC	2010	9	4	4	2	8	4.0
2657	2011-01-17 23:22:01Z UTC	2011	1	2	1	1	1	1.0
2664	2011-02-12 09:21:13Z UTC	2011	2	5	2	3	3	3.0
2667	2010-09-29 23:24:35Z UTC	2010	9	1	3	1	3	1.66666666666667
2672	2011-01-18 11:32:49Z UTC	2011	1	2	1	1	1	1.0
2677	2010-09-30 20:11:49Z UTC	2010	9	7	3	3	5	4.0
2678	2010-09-30 20:29:30Z UTC	2010	9	9	7	1	5	2.14285714285714
2681	2010-09-30 23:40:02Z UTC	2010	9	3	5	2	7	3.2
2685	2011-01-21 08:58:05Z UTC	2011	1	3	2	2	3	2.5
2692	2011-01-17 11:04:48Z UTC	2011	1	5	3	3	4	3.66666666666667
2694	2011-01-17 23:15:29Z UTC	2011	1	8	4	6	11	8.25
2696	2010-10-01 09:32:30Z UTC	2010	10	4	3	2	6	4.33333333333333
2704	2011-02-12 08:58:32Z UTC	2011	2	6	3	3	8	4.66666666666667
2709	2010-10-01 16:11:00Z UTC	2010	10	11	4	-1	11	5.25
2715	2010-10-27 19:31:55Z UTC	2010	10	5	2	0	5	2.5
2717	2010-10-01 19:07:54Z UTC	2010	10	3	2	1	2	1.5
2723	2010-10-02 03:28:30Z UTC	2010	10	12	6	0	11	4.5
2724	2010-10-02 03:16:20Z UTC	2010	10	4	1	4	4	4.0
2731	2011-01-18 13:46:09Z UTC	2011	1	5	2	5	15	10.0
2732	2011-01-21 08:58:35Z UTC	2011	1	3	1	4	4	4.0
2738	2010-10-04 08:24:48Z UTC	2010	10	2	1	3	3	3.0
2742	2010-10-04 12:53:16Z UTC	2010	10	8	9	2	14	6.44444444444444
2743	2010-10-04 13:28:06Z UTC	2010	10	2	5	0	3	1.6
2753	2010-10-04 18:51:14Z UTC	2010	10	8	5	3	10	5.6
2760	2010-10-04 20:37:39Z UTC	2010	10	1	1	0	0	0.0
2761	2010-10-04 22:01:12Z UTC	2010	10	2	3	0	5	2.33333333333333
2763	2010-10-04 23:22:40Z UTC	2010	10	1	1	2	2	2.0
2768	2010-10-05 07:15:27Z UTC	2010	10	2	1	3	3	3.0
2773	2010-10-05 14:16:26Z UTC	2010	10	1	3	0	1	0.666666666666667
2774	2010-10-05 15:05:38Z UTC	2010	10	1	4	0	9	2.75
2779	2010-10-05 15:22:57Z UTC	2010	10	3	2	2	6	4.0
2783	2010-10-05 19:28:35Z UTC	2010	10	2	5	2	3	2.6
2790	2010-10-07 03:57:34Z UTC	2010	10	5	3	0	7	3.33333333333333
2792	2010-10-06 09:55:45Z UTC	2010	10	3	1	4	4	4.0
2798	2010-10-06 23:08:28Z UTC	2010	10	5	4	2	9	5.25
2801	2010-10-06 14:06:43Z UTC	2010	10	2	1	2	2	2.0
2806	2011-01-17 20:51:28Z UTC	2011	1	4	1	7	7	7.0
2813	2010-10-07 08:36:08Z UTC	2010	10	6	3	3	12	7.0
2817	2010-10-07 18:46:15Z UTC	2010	10	6	2	3	3	3.0
2818	2010-10-07 17:37:27Z UTC	2010	10	4	1	3	3	3.0
2819	2011-01-19 07:13:18Z UTC	2011	1	4	3	2	3	2.66666666666667
2824	2010-10-07 23:14:13Z UTC	2010	10	2	1	6	6	6.0
2827	2010-10-08 02:33:32Z UTC	2010	10	4	5	2	6	3.8
2833	2010-10-12 22:54:34Z UTC	2010	10	4	3	0	2	1.33333333333333
2836	2010-10-08 11:46:55Z UTC	2010	10	1	1	1	1	1.0
2838	2010-10-08 13:25:50Z UTC	2010	10	1	1	2	2	2.0
2842	2010-10-08 16:27:16Z UTC	2010	10	5	1	13	13	13.0
2845	2010-10-09 00:08:02Z UTC	2010	10	1	3	2	3	2.66666666666667
2847	2010-10-27 19:38:43Z UTC	2010	10	4	4	1	5	3.0
2853	2010-10-09 08:14:00Z UTC	2010	10	9	2	3	20	11.5
2855	2010-10-10 14:07:30Z UTC	2010	10	2	1	3	3	3.0
2859	2010-10-10 12:16:11Z UTC	2010	10	2	5	0	7	2.6
2864	2010-10-12 14:02:21Z UTC	2010	10	3	5	0	2	1.2
2869	2011-01-17 18:47:44Z UTC	2011	1	3	3	1	6	4.33333333333333
2875	2010-10-11 16:45:06Z UTC	2010	10	5	2	2	4	3.0
2878	2010-10-12 01:29:45Z UTC	2010	10	2	1	2	2	2.0
2879	2010-10-12 05:58:46Z UTC	2010	10	3	3	1	7	3.66666666666667
2881	2010-10-12 07:26:11Z UTC	2010	10	3	1	7	7	7.0
2882	2010-10-13 20:28:41Z UTC	2010	10	2	1	2	2	2.0
2887	2010-10-21 23:35:50Z UTC	2010	10	9	2	7	9	8.0
2891	2010-10-13 09:30:41Z UTC	2010	10	3	2	2	3	2.5
2892	2010-10-15 22:49:18Z UTC	2010	10	1	2	1	3	2.0
2899	2010-10-14 07:07:14Z UTC	2010	10	3	4	2	3	2.5
2903	2010-10-14 00:08:19Z UTC	2010	10	9	2	7	8	7.5
2908	2011-01-17 16:42:01Z UTC	2011	1	2	3	2	3	2.33333333333333
2910	2010-10-15 07:12:08Z UTC	2010	10	3	4	0	1	0.75
2912	2010-10-14 16:43:54Z UTC	2010	10	3	1	3	3	3.0
2914	2011-02-07 22:14:50Z UTC	2011	2	8	4	1	5	2.75
2916	2011-02-07 22:12:54Z UTC	2011	2	3	4	1	4	2.75
2923	2011-01-21 15:25:54Z UTC	2011	1	5	3	2	3	2.66666666666667
2929	2011-01-18 21:39:43Z UTC	2011	1	3	4	0	2	1.0
2930	2010-10-16 04:26:32Z UTC	2010	10	3	3	4	6	4.66666666666667
2934	2010-10-16 11:37:30Z UTC	2010	10	4	2	2	5	3.5
2935	2011-01-05 08:09:04Z UTC	2011	1	6	3	1	2	1.33333333333333
2940	2010-10-16 19:01:13Z UTC	2010	10	4	1	2	2	2.0
2941	2010-10-17 01:04:04Z UTC	2010	10	2	5	0	3	1.2
2943	2010-10-17 01:10:51Z UTC	2010	10	3	1	4	4	4.0
2948	2011-02-11 17:32:52Z UTC	2011	2	7	6	0	8	2.0
2949	2010-10-17 17:21:40Z UTC	2010	10	11	9	2	8	3.44444444444444
2961	2010-10-18 09:28:33Z UTC	2010	10	5	2	0	6	3.0
2964	2011-01-17 23:33:06Z UTC	2011	1	8	2	1	6	3.5
2966	2010-10-19 10:06:25Z UTC	2010	10	10	5	5	11	8.8
2978	2010-10-19 13:53:04Z UTC	2010	10	3	4	2	8	4.25
2980	2011-01-19 07:18:34Z UTC	2011	1	4	3	3	4	3.33333333333333
2981	2010-10-19 11:42:02Z UTC	2010	10	3	1	4	4	4.0
2985	2010-10-19 12:26:42Z UTC	2010	10	1	2	3	4	3.5
2992	2010-10-19 19:33:54Z UTC	2010	10	6	4	2	5	4.0
2996	2010-10-19 22:30:47Z UTC	2010	10	5	2	1	2	1.5
3002	2010-10-20 21:34:14Z UTC	2010	10	3	2	1	4	2.5
3004	2010-10-20 22:29:28Z UTC	2010	10	1	2	1	5	3.0
3008	2011-01-18 11:33:41Z UTC	2011	1	4	2	2	9	5.5
3010	2010-10-21 03:02:31Z UTC	2010	10	6	11	1	13	2.90909090909091
3016	2011-01-18 11:38:46Z UTC	2011	1	3	3	3	8	6.0
3025	2010-10-21 13:34:19Z UTC	2010	10	3	2	1	5	3.0
3029	2010-10-21 15:55:53Z UTC	2010	10	6	9	3	6	4.0
3034	2010-10-27 19:34:43Z UTC	2010	10	6	3	5	10	7.0
3040	2010-10-22 05:22:48Z UTC	2010	10	1	1	2	2	2.0
3041	2010-10-22 07:30:27Z UTC	2010	10	2	1	4	4	4.0
3043	2010-10-22 11:51:24Z UTC	2010	10	5	5	0	6	3.4
3045	2010-10-22 11:07:00Z UTC	2010	10	2	1	4	4	4.0
3052	2010-10-22 13:23:21Z UTC	2010	10	0	1	0	0	0.0
3058	2010-10-22 14:25:02Z UTC	2010	10	2	2	4	4	4.0
3062	2010-10-22 19:25:04Z UTC	2010	10	1	2	1	2	1.5
3068	2010-10-22 21:42:39Z UTC	2010	10	2	2	2	5	3.5
3072	2010-11-13 10:04:20Z UTC	2010	11	10	5	2	10	4.6
3073	2010-10-27 19:36:06Z UTC	2010	10	7	5	3	6	4.4
3080	2010-12-20 11:13:32Z UTC	2010	12	3	1	-1	-1	-1.0
3081	2011-01-17 18:45:17Z UTC	2011	1	1	3	0	3	1.66666666666667
3085	2010-10-24 15:51:27Z UTC	2010	10	0	3	0	2	1.0
3095	2010-10-25 07:05:13Z UTC	2010	10	4	2	5	6	5.5
3098	2011-01-18 06:56:03Z UTC	2011	1	4	1	3	3	3.0
3101	2010-10-25 07:41:14Z UTC	2010	10	1	2	1	2	1.5
3108	2011-01-17 23:07:57Z UTC	2011	1	8	9	0	7	3.77777777777778
3109	2010-10-25 10:43:53Z UTC	2010	10	3	4	0	4	2.0
3117	2010-10-25 13:03:46Z UTC	2010	10	1	1	0	0	0.0
3121	2010-10-25 17:04:31Z UTC	2010	10	3	2	3	6	4.5
3127	2010-10-25 21:17:44Z UTC	2010	10	4	3	0	3	1.66666666666667
3128	2011-01-17 22:28:36Z UTC	2011	1	1	1	1	1	1.0
3130	2011-01-18 21:59:18Z UTC	2011	1	3	1	9	9	9.0
3136	2011-02-09 14:37:12Z UTC	2011	2	4	3	0	4	2.33333333333333
3139	2010-10-26 08:01:21Z UTC	2010	10	4	8	2	7	4.0
3140	2010-10-26 22:51:37Z UTC	2010	10	4	2	1	7	4.0
3143	2010-10-26 08:40:58Z UTC	2010	10	1	1	3	3	3.0
3144	2010-10-26 17:40:10Z UTC	2010	10	3	5	1	6	2.8
3147	2011-02-07 22:16:55Z UTC	2011	2	2	1	2	2	2.0
3148	2010-10-26 11:11:12Z UTC	2010	10	2	3	0	2	1.0
3156	2010-10-27 10:13:31Z UTC	2010	10	0	1	1	1	1.0
3171	2010-10-26 19:29:30Z UTC	2010	10	1	1	6	6	6.0
3173	2011-02-03 17:34:06Z UTC	2011	2	0	2	1	1	1.0
3176	2010-10-27 00:24:14Z UTC	2010	10	6	2	2	7	4.5
3178	2010-10-27 05:11:59Z UTC	2010	10	3	2	0	1	0.5
3179	2010-10-27 11:44:36Z UTC	2010	10	2	2	2	4	3.0
3190	2011-01-17 22:29:00Z UTC	2011	1	9	4	0	9	2.75
3192	2011-01-18 22:00:49Z UTC	2011	1	2	2	3	3	3.0
3199	2010-10-28 00:50:03Z UTC	2010	10	3	3	1	3	1.66666666666667
3207	2010-11-19 15:28:50Z UTC	2010	11	1	4	1	2	1.5
3211	2010-10-28 13:09:19Z UTC	2010	10	18	12	1	10	4.58333333333333
3216	2010-10-28 14:43:01Z UTC	2010	10	6	1	5	5	5.0
3223	2010-10-28 17:17:45Z UTC	2010	10	1	3	1	3	2.0
3225	2011-01-18 11:39:39Z UTC	2011	1	1	4	1	3	2.25
3229	2011-01-19 07:19:02Z UTC	2011	1	6	6	1	6	3.16666666666667
3232	2010-10-29 15:14:21Z UTC	2010	10	11	7	2	6	3.85714285714286
3235	2010-10-29 00:09:57Z UTC	2010	10	3	1	5	5	5.0
3239	2010-10-28 21:57:10Z UTC	2010	10	3	2	1	2	1.5
3241	2011-01-17 16:30:10Z UTC	2011	1	6	1	5	5	5.0
3260	2010-10-29 14:12:55Z UTC	2010	10	1	1	1	1	1.0
3278	2010-11-02 07:42:47Z UTC	2010	11	1	3	2	3	2.33333333333333
3281	2011-01-18 11:40:42Z UTC	2011	1	2	1	2	2	2.0
3282	2011-01-17 20:50:47Z UTC	2011	1	1	1	5	5	5.0
3289	2010-11-02 15:08:44Z UTC	2010	11	0	2	2	3	2.5
3293	2010-11-02 15:56:01Z UTC	2010	11	4	4	1	8	4.5
3300	2010-11-04 00:05:41Z UTC	2010	11	2	1	2	2	2.0
3302	2011-01-17 22:28:14Z UTC	2011	1	6	1	7	7	7.0
3304	2010-11-04 00:04:37Z UTC	2010	11	3	3	0	8	3.33333333333333
3307	2010-11-03 19:53:24Z UTC	2010	11	3	4	1	4	2.75
3309	2011-01-17 23:24:19Z UTC	2011	1	5	2	1	4	2.5
3310	2010-11-03 21:31:26Z UTC	2010	11	1	2	2	4	3.0
3313	2011-01-17 23:07:34Z UTC	2011	1	4	3	1	7	3.33333333333333
3315	2010-11-04 00:03:36Z UTC	2010	11	3	1	3	3	3.0
3316	2011-02-09 12:44:24Z UTC	2011	2	7	3	1	12	4.66666666666667
3321	2010-11-04 01:42:55Z UTC	2010	11	1	2	0	5	2.5
3322	2010-11-04 02:30:49Z UTC	2010	11	2	3	2	5	3.0
3327	2011-02-07 22:15:42Z UTC	2011	2	4	1	1	1	1.0
3328	2011-01-17 22:31:00Z UTC	2011	1	3	1	2	2	2.0
3331	2010-12-27 09:14:10Z UTC	2010	12	4	6	0	5	2.0
3333	2010-11-04 11:18:35Z UTC	2010	11	3	4	1	4	2.5
3346	2010-11-05 00:30:09Z UTC	2010	11	10	6	0	9	3.66666666666667
3351	2011-01-18 12:03:22Z UTC	2011	1	1	1	5	5	5.0
3352	2011-01-17 22:32:46Z UTC	2011	1	4	2	3	8	5.5
3353	2011-01-17 23:07:07Z UTC	2011	1	2	1	8	8	8.0
3355	2011-01-17 23:06:48Z UTC	2011	1	18	11	2	11	4.27272727272727
3357	2010-11-07 11:34:14Z UTC	2010	11	0	3	0	2	0.666666666666667
3364	2010-11-05 13:22:01Z UTC	2010	11	2	3	1	4	2.66666666666667
3374	2010-11-05 19:48:10Z UTC	2010	11	11	6	2	13	5.5
3377	2011-01-18 07:26:13Z UTC	2011	1	3	1	2	2	2.0
3381	2011-02-21 21:43:55Z UTC	2011	2	3	3	1	6	4.0
3385	2010-11-06 14:20:18Z UTC	2010	11	1	2	0	1	0.5
3391	2010-11-06 23:38:27Z UTC	2010	11	4	4	1	4	2.25
3396	2010-11-07 09:20:19Z UTC	2010	11	3	5	0	1	0.4
3400	2011-01-17 22:52:11Z UTC	2011	1	1	1	2	2	2.0
3405	2011-01-17 11:15:41Z UTC	2011	1	4	4	1	1	1.0
3406	2011-01-18 12:03:43Z UTC	2011	1	2	1	4	4	4.0
3410	2010-11-08 10:13:42Z UTC	2010	11	2	2	1	4	2.5
3414	2011-01-17 22:27:48Z UTC	2011	1	6	4	2	4	2.75
3415	2011-01-17 22:26:56Z UTC	2011	1	5	3	2	4	3.0
3430	2011-01-18 07:23:33Z UTC	2011	1	3	3	1	7	3.33333333333333
3432	2010-11-08 18:39:27Z UTC	2010	11	2	4	1	3	2.0
3439	2010-11-09 15:19:29Z UTC	2010	11	8	8	1	13	4.375
3440	2011-01-18 11:27:59Z UTC	2011	1	0	1	0	0	0.0
3443	2010-11-09 05:51:59Z UTC	2010	11	1	2	1	2	1.5
3446	2010-11-10 09:44:49Z UTC	2010	11	2	1	3	3	3.0
3449	2010-11-09 14:17:49Z UTC	2010	11	5	3	1	5	3.0
3456	2011-02-09 12:44:05Z UTC	2011	2	5	8	-1	5	3.5
3458	2010-11-10 20:09:20Z UTC	2010	11	2	2	1	5	3.0
3461	2010-11-09 23:22:55Z UTC	2010	11	2	2	2	2	2.0
3462	2011-01-18 12:02:59Z UTC	2011	1	2	5	1	4	2.0
3463	2010-11-10 00:26:25Z UTC	2010	11	0	1	2	2	2.0
3468	2011-02-15 22:44:21Z UTC	2011	2	5	5	0	6	1.4
3470	2010-11-10 01:45:10Z UTC	2010	11	0	1	2	2	2.0
3473	2010-11-10 09:41:46Z UTC	2010	11	1	2	2	2	2.0
3474	2010-11-10 02:03:42Z UTC	2010	11	2	1	2	2	2.0
3484	2011-01-18 21:41:29Z UTC	2011	1	0	1	2	2	2.0
3485	2011-01-18 11:28:25Z UTC	2011	1	10	9	1	15	5.33333333333333
3491	2010-11-10 12:12:13Z UTC	2010	11	2	2	5	8	6.5
3492	2010-11-10 12:16:13Z UTC	2010	11	3	2	0	7	3.5
3497	2010-11-10 13:12:54Z UTC	2010	11	6	3	3	9	6.0
3498	2011-01-17 19:07:18Z UTC	2011	1	2	3	2	8	4.33333333333333
3514	2010-11-10 16:28:35Z UTC	2010	11	6	2	2	11	6.5
3517	2010-11-10 21:21:32Z UTC	2010	11	1	2	1	3	2.0
3518	2010-11-11 09:31:23Z UTC	2010	11	3	6	1	8	4.0
3519	2010-11-11 02:10:51Z UTC	2010	11	4	6	1	5	3.16666666666667
3533	2010-11-11 08:51:00Z UTC	2010	11	2	4	1	7	3.0
3537	2010-11-11 12:27:20Z UTC	2010	11	8	7	1	6	3.71428571428571
3541	2010-11-11 12:36:12Z UTC	2010	11	5	6	0	3	1.83333333333333
3542	2011-01-17 19:05:34Z UTC	2011	1	4	4	1	7	4.5
3546	2011-01-17 18:59:56Z UTC	2011	1	0	1	3	3	3.0
3562	2011-01-17 23:04:58Z UTC	2011	1	3	4	-2	7	3.5
3565	2010-11-11 19:58:30Z UTC	2010	11	1	4	1	3	1.5
3566	2011-01-17 23:03:54Z UTC	2011	1	6	4	2	4	2.75
3574	2010-11-12 00:18:25Z UTC	2010	11	4	4	2	4	2.5
3576	2010-11-12 01:25:39Z UTC	2010	11	6	4	3	5	3.75
3577	2010-11-12 01:45:40Z UTC	2010	11	3	4	1	10	3.5
3580	2010-11-12 02:03:02Z UTC	2010	11	3	1	5	5	5.0
3581	2010-11-12 21:06:34Z UTC	2010	11	6	6	0	5	2.16666666666667
3589	2010-11-12 08:54:14Z UTC	2010	11	3	6	1	6	3.5
3596	2010-11-12 11:07:53Z UTC	2010	11	4	6	0	6	2.0
3619	2010-11-13 10:06:08Z UTC	2010	11	4	3	3	8	5.0
3624	2011-01-17 23:04:37Z UTC	2011	1	1	1	1	1	1.0
3631	2010-11-14 02:53:18Z UTC	2010	11	3	2	2	4	3.0
3634	2010-11-14 06:20:03Z UTC	2010	11	3	3	1	5	3.0
3637	2010-11-14 10:41:57Z UTC	2010	11	0	2	0	1	0.5
3641	2010-11-14 14:22:41Z UTC	2010	11	1	4	2	4	2.75
3642	2010-11-14 14:46:45Z UTC	2010	11	1	3	1	2	1.66666666666667
3646	2010-11-17 01:14:31Z UTC	2010	11	0	1	2	2	2.0
3651	2010-11-15 12:49:24Z UTC	2010	11	10	1	13	13	13.0
3654	2010-11-15 03:10:24Z UTC	2010	11	0	1	2	2	2.0
3656	2010-11-16 13:09:57Z UTC	2010	11	2	3	0	2	0.666666666666667
3658	2010-11-17 06:41:48Z UTC	2010	11	5	4	4	8	6.25
3661	2011-01-18 21:43:20Z UTC	2011	1	10	3	3	7	5.0
3662	2010-11-15 11:16:18Z UTC	2010	11	6	3	4	8	5.33333333333333
3668	2011-01-18 12:06:37Z UTC	2011	1	5	5	1	3	2.0
3669	2010-11-17 09:35:18Z UTC	2010	11	9	7	2	10	5.14285714285714
3677	2010-11-17 13:48:18Z UTC	2010	11	1	4	2	5	4.0
3681	2010-11-16 03:44:42Z UTC	2010	11	4	3	2	3	2.33333333333333
3683	2010-11-17 09:08:03Z UTC	2010	11	7	3	0	5	2.33333333333333
3691	2010-12-08 11:44:51Z UTC	2010	12	3	7	1	8	3.57142857142857
3695	2010-11-16 14:18:41Z UTC	2010	11	2	2	0	3	1.5
3702	2010-11-16 20:57:32Z UTC	2010	11	1	3	0	4	2.0
3703	2010-11-16 19:36:58Z UTC	2010	11	2	1	4	4	4.0
3704	2011-02-07 22:41:03Z UTC	2011	2	3	5	0	3	1.2
3711	2010-11-16 22:32:02Z UTC	2010	11	2	1	4	4	4.0
3714	2010-11-17 06:49:02Z UTC	2010	11	1	1	2	2	2.0
3717	2010-11-17 03:39:58Z UTC	2010	11	2	4	0	4	2.0
3725	2011-01-17 22:51:42Z UTC	2011	1	1	2	0	2	1.0
3727	2010-11-17 13:33:39Z UTC	2010	11	0	1	2	2	2.0
3730	2010-11-17 16:40:25Z UTC	2010	11	3	5	1	10	4.8
3734	2010-11-17 17:13:18Z UTC	2010	11	6	2	3	5	4.0
3736	2010-11-18 11:36:19Z UTC	2010	11	2	3	0	5	3.0
3739	2010-11-17 22:21:30Z UTC	2010	11	2	2	2	8	5.0
3748	2010-11-17 23:04:01Z UTC	2010	11	3	1	1	1	1.0
3749	2010-11-18 12:06:03Z UTC	2010	11	-1	1	3	3	3.0
3750	2010-11-18 14:02:42Z UTC	2010	11	3	2	1	2	1.5
3753	2010-11-18 09:49:21Z UTC	2010	11	7	1	10	10	10.0
3755	2011-02-14 14:11:29Z UTC	2011	2	2	1	1	1	1.0
3758	2010-11-18 18:13:26Z UTC	2010	11	2	4	0	7	3.0
3764	2010-11-18 22:50:14Z UTC	2010	11	2	2	2	2	2.0
3768	2010-11-19 00:29:10Z UTC	2010	11	1	2	2	3	2.5
3774	2011-01-17 23:18:48Z UTC	2011	1	-5	4	-1	9	2.25
3777	2010-11-20 09:31:24Z UTC	2010	11	2	3	4	5	4.33333333333333
3778	2010-11-19 12:22:54Z UTC	2010	11	2	2	1	3	2.0
3782	2011-01-18 07:07:06Z UTC	2011	1	14	4	3	17	8.0
3784	2010-11-19 15:51:23Z UTC	2010	11	3	1	2	2	2.0
3790	2011-01-18 11:28:50Z UTC	2011	1	7	3	2	12	6.0
3792	2010-11-19 21:04:25Z UTC	2010	11	1	3	1	3	1.66666666666667
3794	2010-11-19 22:00:23Z UTC	2010	11	0	1	2	2	2.0
3799	2010-11-20 11:21:13Z UTC	2010	11	1	3	3	6	4.66666666666667
3804	2010-11-20 18:30:14Z UTC	2010	11	1	1	2	2	2.0
3806	2011-01-17 23:35:44Z UTC	2011	1	2	2	0	1	0.5
3811	2011-01-17 22:51:23Z UTC	2011	1	2	1	2	2	2.0
3814	2010-11-22 10:02:41Z UTC	2010	11	2	2	0	2	1.0
3816	2010-11-22 01:51:17Z UTC	2010	11	1	2	1	6	3.5
3819	2010-11-22 08:36:38Z UTC	2010	11	3	3	6	13	8.66666666666667
3825	2010-11-22 11:41:30Z UTC	2010	11	1	1	5	5	5.0
3826	2010-11-22 11:40:51Z UTC	2010	11	1	3	0	7	2.66666666666667
3832	2010-11-22 15:05:00Z UTC	2010	11	1	2	1	2	1.5
3837	2010-11-22 16:03:05Z UTC	2010	11	1	1	5	5	5.0
3839	2010-11-22 18:25:46Z UTC	2010	11	4	1	5	5	5.0
3840	2011-03-05 10:40:02Z UTC	2011	3	1	1	1	1	1.0
3842	2010-11-22 19:41:03Z UTC	2010	11	6	1	6	6	6.0
3844	2010-11-22 21:06:39Z UTC	2010	11	6	3	2	8	5.66666666666667
3846	2011-01-18 12:07:53Z UTC	2011	1	2	2	0	4	2.0
3854	2010-11-23 06:51:03Z UTC	2010	11	2	1	1	1	1.0
3855	2011-01-17 22:19:39Z UTC	2011	1	4	1	4	4	4.0
3861	2010-11-23 17:28:10Z UTC	2010	11	2	1	2	2	2.0
3864	2011-01-17 23:00:45Z UTC	2011	1	3	2	1	2	1.5
3866	2010-11-23 18:13:47Z UTC	2010	11	0	1	1	1	1.0
3869	2010-11-23 19:15:52Z UTC	2010	11	4	2	3	5	4.0
3872	2010-11-23 22:01:08Z UTC	2010	11	2	2	2	3	2.5
3875	2010-11-23 21:19:51Z UTC	2010	11	0	1	3	3	3.0
3877	2011-01-18 07:30:00Z UTC	2011	1	6	3	2	6	4.0
3885	2010-11-24 17:20:08Z UTC	2010	11	3	2	1	2	1.5
3890	2011-01-19 07:18:07Z UTC	2011	1	2	1	1	1	1.0
3892	2011-01-17 16:24:46Z UTC	2011	1	2	3	3	6	4.33333333333333
3895	2010-11-25 06:25:23Z UTC	2010	11	3	1	1	1	1.0
3896	2010-11-25 07:35:18Z UTC	2010	11	3	2	2	2	2.0
3897	2010-11-25 14:53:43Z UTC	2010	11	3	2	0	4	2.0
3900	2010-11-25 22:48:09Z UTC	2010	11	1	2	1	1	1.0
3904	2010-11-25 19:03:55Z UTC	2010	11	4	3	1	6	3.33333333333333
3908	2010-11-25 22:51:39Z UTC	2010	11	3	1	1	1	1.0
3909	2010-11-26 08:27:35Z UTC	2010	11	0	2	0	1	0.5
3911	2011-01-17 22:51:00Z UTC	2011	1	1	1	5	5	5.0
3916	2011-01-18 07:25:00Z UTC	2011	1	2	3	1	4	2.66666666666667
3918	2010-11-26 23:53:42Z UTC	2010	11	2	4	1	7	3.0
3920	2010-11-27 04:08:41Z UTC	2010	11	0	1	1	1	1.0
3924	2011-01-18 12:04:18Z UTC	2011	1	2	2	1	1	1.0
3925	2010-11-27 22:30:18Z UTC	2010	11	3	3	0	2	0.666666666666667
3927	2010-11-28 18:19:36Z UTC	2010	11	2	3	1	3	2.33333333333333
3928	2010-11-29 01:34:36Z UTC	2010	11	1	1	5	5	5.0
3932	2010-11-29 08:36:30Z UTC	2010	11	0	1	0	0	0.0
3934	2010-12-02 23:41:42Z UTC	2010	12	8	7	1	8	3.0
3938	2010-11-29 12:05:34Z UTC	2010	11	2	5	1	2	1.4
3945	2011-01-17 22:50:39Z UTC	2011	1	1	2	0	1	0.5
3947	2010-11-29 13:52:45Z UTC	2010	11	5	2	2	5	3.5
3954	2010-11-29 23:28:42Z UTC	2010	11	4	1	6	6	6.0
3956	2010-11-29 17:00:24Z UTC	2010	11	3	1	3	3	3.0
3958	2010-12-03 15:31:51Z UTC	2010	12	1	2	1	2	1.5
3962	2010-11-29 18:42:43Z UTC	2010	11	2	2	1	4	2.5
3967	2010-11-30 03:30:32Z UTC	2010	11	2	2	1	2	1.5
3970	2010-11-30 04:06:26Z UTC	2010	11	6	7	2	12	5.0
3976	2010-11-30 13:34:44Z UTC	2010	11	0	1	1	1	1.0
3977	2010-11-30 14:14:24Z UTC	2010	11	2	1	2	2	2.0
3981	2010-11-30 15:43:32Z UTC	2010	11	3	1	2	2	2.0
3984	2010-11-30 16:02:34Z UTC	2010	11	9	8	1	9	3.25
3985	2010-12-16 18:47:28Z UTC	2010	12	5	3	1	7	3.33333333333333
3991	2011-01-17 16:18:58Z UTC	2011	1	2	1	1	1	1.0
3994	2011-01-18 07:04:06Z UTC	2011	1	5	5	2	4	3.2
3995	2010-11-30 22:38:12Z UTC	2010	11	9	6	0	9	3.66666666666667
3998	2011-01-17 23:40:30Z UTC	2011	1	2	2	0	2	1.0
4002	2010-11-30 23:54:39Z UTC	2010	11	1	2	0	4	2.0
4004	2010-12-01 02:58:12Z UTC	2010	12	4	3	1	3	2.0
4015	2010-12-01 08:18:58Z UTC	2010	12	1	2	1	2	1.5
4017	2011-02-07 22:26:54Z UTC	2011	2	2	4	0	6	2.0
4018	2010-12-06 10:02:14Z UTC	2010	12	7	6	1	3	1.5
4021	2011-01-18 07:04:42Z UTC	2011	1	0	1	2	2	2.0
4023	2010-12-01 11:38:57Z UTC	2010	12	2	1	7	7	7.0
4038	2011-01-17 23:37:09Z UTC	2011	1	1	4	0	2	1.5
4066	2011-02-07 22:41:34Z UTC	2011	2	2	1	5	5	5.0
4069	2010-12-03 09:21:47Z UTC	2010	12	3	2	2	5	3.5
4071	2011-01-21 08:55:24Z UTC	2011	1	1	3	0	5	2.66666666666667
4076	2010-12-03 09:14:06Z UTC	2010	12	3	3	2	2	2.0
4078	2011-01-17 18:55:46Z UTC	2011	1	2	2	2	4	3.0
4088	2010-12-03 23:12:30Z UTC	2010	12	1	2	0	2	1.0
4089	2011-01-17 23:43:35Z UTC	2011	1	2	1	6	6	6.0
4091	2010-12-03 19:51:34Z UTC	2010	12	2	2	1	4	2.5
4092	2011-01-18 11:59:12Z UTC	2011	1	0	4	1	5	2.25
4095	2010-12-03 23:33:39Z UTC	2010	12	3	4	1	3	1.75
4105	2010-12-05 04:14:01Z UTC	2010	12	4	4	0	5	2.5
4109	2011-01-18 18:10:40Z UTC	2011	1	6	2	3	3	3.0
4113	2010-12-06 12:34:50Z UTC	2010	12	1	2	0	1	0.5
4114	2010-12-06 05:40:14Z UTC	2010	12	2	3	0	8	3.33333333333333
4118	2010-12-06 14:46:50Z UTC	2010	12	2	1	3	3	3.0
4122	2010-12-07 01:51:34Z UTC	2010	12	5	1	5	5	5.0
4127	2010-12-07 13:53:33Z UTC	2010	12	1	1	3	3	3.0
4128	2010-12-07 14:13:18Z UTC	2010	12	6	4	3	6	4.0
4131	2011-01-17 08:08:13Z UTC	2011	1	1	3	1	2	1.33333333333333
4134	2011-01-17 23:01:09Z UTC	2011	1	5	2	1	2	1.5
4145	2011-02-09 14:41:20Z UTC	2011	2	3	4	0	8	2.75
4151	2010-12-08 20:48:05Z UTC	2010	12	4	2	1	1	1.0
4153	2011-01-18 21:38:06Z UTC	2011	1	5	4	1	2	1.25
4155	2011-02-28 16:15:40Z UTC	2011	2	4	1	2	2	2.0
4160	2010-12-09 13:07:59Z UTC	2010	12	2	3	2	7	5.0
4163	2010-12-09 13:06:51Z UTC	2010	12	2	2	4	4	4.0
4168	2010-12-09 13:06:14Z UTC	2010	12	5	1	2	2	2.0
4171	2010-12-09 13:34:40Z UTC	2010	12	2	3	1	2	1.33333333333333
4176	2010-12-09 14:24:55Z UTC	2010	12	1	4	1	2	1.5
4182	2011-02-07 22:07:50Z UTC	2011	2	3	2	1	6	3.5
4184	2011-01-18 07:33:25Z UTC	2011	1	8	7	0	4	2.14285714285714
4187	2010-12-09 18:44:57Z UTC	2010	12	2	2	2	4	3.0
4192	2011-01-18 21:38:53Z UTC	2011	1	7	3	2	6	4.33333333333333
4194	2010-12-09 22:06:50Z UTC	2010	12	2	1	3	3	3.0
4196	2011-01-17 22:26:35Z UTC	2011	1	4	2	2	5	3.5
4200	2011-01-17 19:04:02Z UTC	2011	1	2	2	0	1	0.5
4201	2010-12-10 19:34:23Z UTC	2010	12	2	2	0	2	1.0
4202	2011-01-17 22:18:30Z UTC	2011	1	2	1	2	2	2.0
4203	2010-12-13 01:08:15Z UTC	2010	12	5	1	2	2	2.0
4205	2011-01-18 21:45:02Z UTC	2011	1	0	4	0	1	0.5
4208	2010-12-10 11:48:02Z UTC	2010	12	2	3	3	4	3.66666666666667
4212	2011-02-12 09:02:02Z UTC	2011	2	3	6	1	3	2.16666666666667
4218	2010-12-10 11:59:48Z UTC	2010	12	5	3	0	3	1.66666666666667
4219	2010-12-10 10:38:10Z UTC	2010	12	3	2	2	2	2.0
4220	2010-12-10 11:58:16Z UTC	2010	12	1	2	2	5	3.5
4226	2011-01-17 23:03:35Z UTC	2011	1	4	10	1	21	4.7
4233	2010-12-10 15:41:50Z UTC	2010	12	8	5	2	5	3.8
4237	2010-12-10 16:06:52Z UTC	2010	12	2	2	2	4	3.0
4254	2010-12-11 13:44:50Z UTC	2010	12	1	1	5	5	5.0
4259	2010-12-11 14:41:30Z UTC	2010	12	9	6	1	3	1.33333333333333
4263	2011-01-18 11:42:26Z UTC	2011	1	3	2	0	3	1.5
4266	2010-12-13 17:12:09Z UTC	2010	12	6	3	2	5	3.66666666666667
4271	2011-01-18 21:38:31Z UTC	2011	1	2	1	3	3	3.0
4274	2011-01-05 08:10:35Z UTC	2011	1	5	3	0	5	2.0
4277	2010-12-14 14:08:02Z UTC	2010	12	4	3	1	5	2.33333333333333
4278	2011-01-19 07:12:30Z UTC	2011	1	2	2	0	0	0.0
4279	2010-12-13 09:37:28Z UTC	2010	12	3	2	2	5	3.5
4283	2010-12-13 12:47:05Z UTC	2010	12	3	1	4	4	4.0
4290	2011-01-17 23:02:37Z UTC	2011	1	2	1	1	1	1.0
4296	2010-12-14 17:08:36Z UTC	2010	12	16	5	2	13	5.0
4308	2010-12-15 02:33:47Z UTC	2010	12	5	4	1	2	1.25
4310	2010-12-14 12:52:31Z UTC	2010	12	7	4	1	4	2.5
4313	2010-12-14 14:18:50Z UTC	2010	12	1	1	2	2	2.0
4314	2010-12-14 14:37:26Z UTC	2010	12	1	1	1	1	1.0
4316	2010-12-15 20:39:10Z UTC	2010	12	2	2	0	2	1.0
4317	2010-12-14 17:53:59Z UTC	2010	12	4	3	3	5	4.33333333333333
4323	2010-12-14 16:04:06Z UTC	2010	12	2	1	2	2	2.0
4327	2010-12-14 18:58:36Z UTC	2010	12	2	4	0	2	1.25
4332	2011-01-17 22:26:06Z UTC	2011	1	14	2	4	9	6.5
4338	2011-01-19 18:37:33Z UTC	2011	1	5	4	1	11	5.75
4340	2010-12-15 05:24:07Z UTC	2010	12	3	3	0	1	0.333333333333333
4343	2011-01-17 22:25:30Z UTC	2011	1	3	1	2	2	2.0
4349	2010-12-15 16:40:26Z UTC	2010	12	3	2	3	6	4.5
4352	2010-12-15 17:33:14Z UTC	2010	12	1	1	2	2	2.0
4353	2010-12-17 10:52:24Z UTC	2010	12	2	2	2	5	3.5
4354	2011-02-07 22:31:54Z UTC	2011	2	4	4	0	5	3.0
4356	2010-12-16 11:11:15Z UTC	2010	12	2	1	5	5	5.0
4363	2010-12-15 21:26:40Z UTC	2010	12	2	2	2	3	2.5
4370	2011-01-18 06:57:16Z UTC	2011	1	1	1	1	1	1.0
4374	2011-01-18 11:26:30Z UTC	2011	1	7	15	0	13	5.33333333333333
4381	2010-12-16 14:56:16Z UTC	2010	12	0	3	0	2	1.0
4383	2010-12-16 15:40:28Z UTC	2010	12	3	3	2	6	3.66666666666667
4384	2010-12-16 15:43:19Z UTC	2010	12	3	2	1	4	2.5
4385	2011-01-18 11:52:10Z UTC	2011	1	0	1	1	1	1.0
4392	2010-12-16 16:59:26Z UTC	2010	12	2	2	0	2	1.0
4406	2011-01-18 11:29:50Z UTC	2011	1	9	7	0	2	1.0
4413	2010-12-17 08:07:20Z UTC	2010	12	4	3	2	5	3.0
4419	2011-01-18 07:27:44Z UTC	2011	1	1	1	1	1	1.0
4424	2010-12-17 16:40:29Z UTC	2010	12	4	2	0	4	2.0
4426	2010-12-19 13:17:11Z UTC	2010	12	3	3	0	8	3.66666666666667
4428	2010-12-17 19:36:39Z UTC	2010	12	2	1	1	1	1.0
4430	2011-01-17 09:50:27Z UTC	2011	1	3	2	0	1	0.5
4434	2010-12-19 01:51:01Z UTC	2010	12	0	3	1	2	1.33333333333333
4436	2011-01-17 22:19:14Z UTC	2011	1	3	1	5	5	5.0
4438	2010-12-18 04:43:42Z UTC	2010	12	2	4	1	3	2.5
4439	2011-01-18 06:46:46Z UTC	2011	1	4	1	2	2	2.0
4446	2010-12-18 16:42:46Z UTC	2010	12	0	1	1	1	1.0
4454	2011-02-09 12:43:41Z UTC	2011	2	0	3	0	3	2.0
4460	2010-12-20 19:22:09Z UTC	2010	12	3	4	5	12	8.25
4461	2010-12-19 16:25:10Z UTC	2010	12	1	1	5	5	5.0
4465	2010-12-19 21:58:29Z UTC	2010	12	1	1	1	1	1.0
4468	2010-12-20 11:11:46Z UTC	2010	12	3	4	0	4	1.5
4469	2010-12-20 18:06:52Z UTC	2010	12	0	2	2	2	2.0
4470	2010-12-20 11:11:17Z UTC	2010	12	2	1	5	5	5.0
4476	2011-01-17 22:24:49Z UTC	2011	1	1	3	0	2	1.0
4478	2011-03-05 10:44:04Z UTC	2011	3	4	1	3	3	3.0
4483	2010-12-20 17:58:40Z UTC	2010	12	4	3	2	3	2.33333333333333
4484	2011-01-18 11:37:08Z UTC	2011	1	1	3	0	4	2.33333333333333
4485	2011-01-17 23:31:43Z UTC	2011	1	4	1	2	2	2.0
4499	2010-12-21 09:16:37Z UTC	2010	12	3	4	1	2	1.25
4500	2010-12-21 14:01:17Z UTC	2010	12	1	1	3	3	3.0
4501	2010-12-28 18:45:24Z UTC	2010	12	2	1	0	0	0.0
4508	2011-02-07 22:28:39Z UTC	2011	2	1	3	0	2	0.666666666666667
4514	2011-01-17 07:51:01Z UTC	2011	1	5	3	2	4	3.0
4519	2010-12-22 04:58:21Z UTC	2010	12	2	4	-2	4	0.75
4520	2011-01-17 23:02:02Z UTC	2011	1	4	2	5	10	7.5
4521	2011-01-17 22:24:16Z UTC	2011	1	1	3	1	5	3.0
4526	2011-01-19 07:17:45Z UTC	2011	1	4	3	2	3	2.33333333333333
4530	2010-12-22 17:47:15Z UTC	2010	12	0	2	0	2	1.0
4532	2011-01-18 12:06:17Z UTC	2011	1	2	2	1	2	1.5
4541	2010-12-23 09:30:25Z UTC	2010	12	3	4	1	2	1.5
4544	2010-12-23 12:15:04Z UTC	2010	12	1	1	1	1	1.0
4548	2010-12-23 22:46:20Z UTC	2010	12	0	2	1	1	1.0
4552	2010-12-24 11:27:18Z UTC	2010	12	2	2	4	5	4.5
4555	2010-12-24 02:55:14Z UTC	2010	12	1	3	1	5	2.33333333333333
4560	2010-12-24 22:02:55Z UTC	2010	12	1	2	2	5	3.5
4563	2010-12-25 15:22:39Z UTC	2010	12	1	1	4	4	4.0
4564	2011-01-18 11:27:20Z UTC	2011	1	-2	3	0	2	1.0
4570	2011-02-11 15:51:26Z UTC	2011	2	3	2	1	3	2.0
4571	2011-01-17 22:23:53Z UTC	2011	1	8	3	3	5	4.0
4579	2010-12-27 13:34:48Z UTC	2010	12	1	1	4	4	4.0
4581	2011-01-03 11:11:43Z UTC	2011	1	0	2	1	3	2.0
4589	2011-01-19 07:12:02Z UTC	2011	1	-5	1	3	3	3.0
4594	2011-01-21 09:02:56Z UTC	2011	1	2	2	1	4	2.5
4599	2010-12-30 10:36:41Z UTC	2010	12	1	2	2	3	2.5
4602	2010-12-29 17:51:57Z UTC	2010	12	-2	1	5	5	5.0
4604	2011-01-17 16:33:39Z UTC	2011	1	4	2	0	3	1.5
4607	2010-12-30 04:05:06Z UTC	2010	12	2	2	2	6	4.0
4610	2011-01-19 07:11:38Z UTC	2011	1	2	6	1	5	2.16666666666667
4615	2010-12-30 14:34:50Z UTC	2010	12	0	3	0	1	0.333333333333333
4622	2010-12-31 09:12:50Z UTC	2010	12	19	7	2	13	6.0
4624	2010-12-30 21:04:00Z UTC	2010	12	1	1	1	1	1.0
4627	2011-01-02 20:55:36Z UTC	2011	1	1	1	1	1	1.0
4629	2010-12-31 03:39:02Z UTC	2010	12	7	4	1	7	3.5
4630	2011-01-17 22:50:16Z UTC	2011	1	0	2	1	2	1.5
4634	2010-12-31 13:32:08Z UTC	2010	12	2	1	2	2	2.0
4635	2010-12-31 14:20:40Z UTC	2010	12	0	3	0	0	0.0
4644	2011-01-02 21:03:50Z UTC	2011	1	3	3	2	4	3.0
4645	2011-01-02 21:27:37Z UTC	2011	1	1	2	3	3	3.0
4656	2011-01-17 23:38:16Z UTC	2011	1	1	1	2	2	2.0
4659	2011-01-17 23:34:20Z UTC	2011	1	5	3	1	7	3.0
4661	2011-01-06 18:15:44Z UTC	2011	1	1	3	0	2	1.33333333333333
4662	2011-01-17 08:07:46Z UTC	2011	1	2	2	2	4	3.0
4666	2011-01-06 12:24:29Z UTC	2011	1	7	6	1	9	3.66666666666667
4670	2011-01-04 10:56:55Z UTC	2011	1	2	5	0	2	1.2
4671	2011-01-18 11:26:56Z UTC	2011	1	2	3	1	5	3.0
4675	2011-01-04 12:40:00Z UTC	2011	1	1	2	0	3	1.5
4679	2011-01-04 14:50:46Z UTC	2011	1	0	1	1	1	1.0
4685	2011-01-04 16:47:46Z UTC	2011	1	9	2	0	1	0.5
4687	2011-01-19 07:17:28Z UTC	2011	1	3	1	3	3	3.0
4689	2011-01-07 10:58:44Z UTC	2011	1	5	6	1	5	2.66666666666667
4690	2011-01-05 13:38:35Z UTC	2011	1	8	5	-2	4	2.2
4700	2011-01-17 08:19:24Z UTC	2011	1	2	2	1	4	2.5
4705	2011-01-05 18:01:11Z UTC	2011	1	2	1	2	2	2.0
4709	2011-01-06 12:32:22Z UTC	2011	1	5	8	1	5	2.625
4715	2011-01-06 05:29:24Z UTC	2011	1	2	1	2	2	2.0
4719	2011-01-06 10:52:58Z UTC	2011	1	3	1	5	5	5.0
4724	2011-01-06 18:18:53Z UTC	2011	1	6	4	1	8	3.25
4736	2011-01-07 09:23:23Z UTC	2011	1	8	5	1	8	2.4
4740	2011-01-06 22:15:35Z UTC	2011	1	0	1	1	1	1.0
4746	2011-01-07 01:58:38Z UTC	2011	1	1	4	1	8	4.25
4753	2011-01-07 10:58:22Z UTC	2011	1	7	3	2	7	3.66666666666667
4758	2011-01-07 20:03:51Z UTC	2011	1	2	1	2	2	2.0
4759	2011-01-19 07:13:42Z UTC	2011	1	5	5	1	5	3.0
4760	2011-01-08 00:01:10Z UTC	2011	1	1	2	1	3	2.0
4768	2011-01-10 14:28:18Z UTC	2011	1	5	1	6	6	6.0
4771	2011-01-08 21:34:09Z UTC	2011	1	3	1	5	5	5.0
4778	2011-01-18 11:31:22Z UTC	2011	1	-9	1	3	3	3.0
4786	2011-01-10 14:08:18Z UTC	2011	1	3	2	4	5	4.5
4791	2011-01-10 15:22:08Z UTC	2011	1	4	2	3	4	3.5
4794	2011-01-10 18:17:46Z UTC	2011	1	0	1	1	1	1.0
4796	2011-01-10 17:37:47Z UTC	2011	1	2	2	2	2	2.0
4800	2011-02-09 14:42:54Z UTC	2011	2	0	2	1	3	2.0
4803	2011-01-10 22:29:05Z UTC	2011	1	-4	1	3	3	3.0
4805	2011-01-11 04:30:43Z UTC	2011	1	2	1	2	2	2.0
4806	2011-03-01 07:06:47Z UTC	2011	3	4	1	8	8	8.0
4810	2011-01-21 15:20:14Z UTC	2011	1	2	2	2	3	2.5
4812	2011-01-17 09:54:47Z UTC	2011	1	0	3	3	7	4.33333333333333
4813	2011-01-18 18:08:08Z UTC	2011	1	5	5	0	3	1.2
4815	2011-03-05 10:40:33Z UTC	2011	3	4	4	2	6	4.25
4823	2011-01-11 23:00:21Z UTC	2011	1	2	3	1	12	5.66666666666667
4825	2011-01-11 20:16:00Z UTC	2011	1	1	2	0	3	1.5
4834	2011-01-12 06:44:58Z UTC	2011	1	0	1	1	1	1.0
4835	2011-01-12 11:25:36Z UTC	2011	1	3	4	1	6	3.5
4839	2011-01-12 09:36:23Z UTC	2011	1	1	5	1	5	2.0
4845	2011-01-13 00:09:28Z UTC	2011	1	3	1	1	1	1.0
4847	2011-01-12 21:10:59Z UTC	2011	1	1	4	0	4	1.75
4855	2011-01-12 23:26:10Z UTC	2011	1	1	1	5	5	5.0
4859	2011-01-18 11:32:25Z UTC	2011	1	3	1	7	7	7.0
4861	2011-01-13 09:23:02Z UTC	2011	1	2	2	0	6	3.0
4863	2011-01-14 02:16:38Z UTC	2011	1	6	3	1	4	2.0
4866	2011-01-17 09:53:30Z UTC	2011	1	7	3	4	9	6.66666666666667
4869	2011-01-14 13:31:21Z UTC	2011	1	2	2	0	1	0.5
4877	2011-01-18 06:46:11Z UTC	2011	1	5	3	4	7	5.66666666666667
4885	2011-01-26 09:36:21Z UTC	2011	1	2	4	0	3	1.5
4888	2011-01-17 10:17:28Z UTC	2011	1	5	1	1	1	1.0
4889	2011-01-18 12:08:10Z UTC	2011	1	4	3	1	7	3.66666666666667
4890	2011-01-14 09:52:18Z UTC	2011	1	3	1	0	0	0.0
4893	2011-02-09 20:09:02Z UTC	2011	2	0	1	2	2	2.0
4894	2011-02-27 09:50:22Z UTC	2011	2	5	3	0	3	1.66666666666667
4900	2011-01-17 18:10:31Z UTC	2011	1	3	2	1	6	3.5
4904	2011-01-17 23:06:51Z UTC	2011	1	3	2	2	5	3.5
4905	2011-01-18 00:39:49Z UTC	2011	1	2	1	4	4	4.0
4908	2011-01-17 22:49:32Z UTC	2011	1	1	1	1	1	1.0
4910	2011-01-15 13:11:21Z UTC	2011	1	1	3	0	3	1.33333333333333
4917	2011-01-15 16:53:54Z UTC	2011	1	5	4	0	3	1.5
4922	2011-02-09 12:43:22Z UTC	2011	2	1	1	4	4	4.0
4926	2011-01-21 08:57:18Z UTC	2011	1	2	1	1	1	1.0
4927	2011-01-17 09:48:57Z UTC	2011	1	4	4	1	8	4.0
4934	2011-01-17 16:26:06Z UTC	2011	1	3	2	0	1	0.5
4936	2011-01-19 21:22:05Z UTC	2011	1	4	2	2	4	3.0
4938	2011-01-17 17:40:30Z UTC	2011	1	1	2	0	5	2.5
4942	2011-01-17 20:46:18Z UTC	2011	1	1	2	0	1	0.5
4946	2011-01-18 06:35:43Z UTC	2011	1	1	1	6	6	6.0
4948	2011-01-18 11:23:38Z UTC	2011	1	1	1	2	2	2.0
4951	2011-01-18 16:17:29Z UTC	2011	1	2	4	1	5	2.0
4956	2011-01-18 16:08:51Z UTC	2011	1	2	1	2	2	2.0
4958	2011-01-18 16:45:37Z UTC	2011	1	6	2	3	6	4.5
4964	2011-01-18 22:35:17Z UTC	2011	1	0	1	1	1	1.0
4967	2011-01-19 11:12:43Z UTC	2011	1	0	4	-1	2	0.75
4969	2011-01-19 19:35:35Z UTC	2011	1	5	1	6	6	6.0
4971	2011-01-20 14:47:47Z UTC	2011	1	2	4	1	4	2.75
4974	2011-01-19 12:24:46Z UTC	2011	1	0	2	1	2	1.5
4976	2011-01-19 12:55:59Z UTC	2011	1	5	4	2	8	3.75
4982	2011-01-19 14:24:25Z UTC	2011	1	6	4	4	5	4.5
4993	2011-01-20 07:09:55Z UTC	2011	1	-2	2	1	2	1.5
4998	2011-01-20 13:44:42Z UTC	2011	1	0	2	1	2	1.5
4999	2011-01-25 11:38:35Z UTC	2011	1	-5	2	2	7	4.5
5001	2011-01-20 15:13:03Z UTC	2011	1	3	1	4	4	4.0
5006	2011-01-21 18:04:16Z UTC	2011	1	0	1	3	3	3.0
5007	2011-01-20 16:47:11Z UTC	2011	1	0	3	2	7	3.66666666666667
5010	2011-01-21 15:21:25Z UTC	2011	1	6	3	2	4	2.66666666666667
5017	2011-01-20 23:14:35Z UTC	2011	1	3	7	0	5	1.71428571428571
5019	2011-01-21 00:19:08Z UTC	2011	1	1	1	5	5	5.0
5027	2011-01-21 09:30:32Z UTC	2011	1	2	1	3	3	3.0
5028	2011-01-21 10:28:03Z UTC	2011	1	0	2	2	7	4.5
5039	2011-01-23 14:48:08Z UTC	2011	1	2	1	7	7	7.0
5044	2011-01-21 20:53:08Z UTC	2011	1	2	3	0	2	1.0
5048	2011-01-22 11:21:15Z UTC	2011	1	1	3	3	4	3.33333333333333
5051	2011-01-22 14:00:36Z UTC	2011	1	1	3	0	5	2.0
5055	2011-01-22 16:21:26Z UTC	2011	1	8	4	0	12	5.0
5057	2011-01-23 18:49:35Z UTC	2011	1	2	4	0	2	1.25
5063	2011-01-23 14:50:24Z UTC	2011	1	-2	1	4	4	4.0
5067	2011-01-23 15:58:40Z UTC	2011	1	-6	1	2	2	2.0
5069	2011-01-23 18:46:54Z UTC	2011	1	1	1	5	5	5.0
5072	2011-01-23 22:24:40Z UTC	2011	1	3	5	1	6	3.0
5074	2011-02-07 22:14:23Z UTC	2011	2	4	2	1	1	1.0
5078	2011-01-24 11:28:37Z UTC	2011	1	2	2	1	3	2.0
5081	2011-01-24 13:47:45Z UTC	2011	1	1	4	0	3	1.5
5083	2011-01-24 13:35:24Z UTC	2011	1	2	3	1	4	3.0
5098	2011-01-24 23:29:53Z UTC	2011	1	0	2	0	1	0.5
5099	2011-01-24 23:57:32Z UTC	2011	1	5	2	2	5	3.5
5104	2011-01-25 08:51:40Z UTC	2011	1	9	4	2	16	6.75
5108	2011-01-25 17:29:40Z UTC	2011	1	5	3	2	4	2.66666666666667
5111	2011-01-26 05:42:20Z UTC	2011	1	8	4	4	8	6.25
5112	2011-01-25 17:20:27Z UTC	2011	1	2	2	3	3	3.0
5125	2011-01-26 06:15:39Z UTC	2011	1	4	1	4	4	4.0
5126	2011-01-26 13:35:02Z UTC	2011	1	-6	4	1	2	1.25
5133	2011-01-26 16:21:59Z UTC	2011	1	12	9	0	19	5.33333333333333
5138	2011-01-26 18:13:44Z UTC	2011	1	0	1	2	2	2.0
5145	2011-01-26 21:18:41Z UTC	2011	1	0	1	2	2	2.0
5147	2011-01-26 23:26:01Z UTC	2011	1	1	4	-1	3	1.5
5154	2011-01-27 08:49:21Z UTC	2011	1	2	2	0	1	0.5
5159	2011-01-27 14:04:18Z UTC	2011	1	0	3	0	4	1.66666666666667
5160	2011-01-28 09:26:15Z UTC	2011	1	1	2	3	5	4.0
5163	2011-01-27 19:00:39Z UTC	2011	1	2	4	0	3	1.25
5170	2011-01-27 17:45:27Z UTC	2011	1	2	2	3	4	3.5
5173	2011-01-28 22:32:31Z UTC	2011	1	3	2	3	6	4.5
5181	2011-01-28 10:25:42Z UTC	2011	1	8	6	1	8	4.16666666666667
5185	2011-01-28 03:29:33Z UTC	2011	1	1	1	1	1	1.0
5187	2011-01-28 22:49:18Z UTC	2011	1	3	3	0	4	2.0
5190	2011-01-28 06:50:50Z UTC	2011	1	5	2	4	4	4.0
5198	2011-01-28 14:35:52Z UTC	2011	1	5	3	0	2	0.666666666666667
5201	2011-01-28 15:22:21Z UTC	2011	1	1	2	0	2	1.0
5203	2011-01-28 21:41:26Z UTC	2011	1	1	1	3	3	3.0
5205	2011-01-28 19:13:22Z UTC	2011	1	1	2	1	1	1.0
5212	2011-01-29 23:09:25Z UTC	2011	1	5	2	3	9	6.0
5213	2011-01-29 16:45:15Z UTC	2011	1	0	2	3	4	3.5
5218	2011-02-09 12:38:20Z UTC	2011	2	2	3	2	2	2.0
5219	2011-01-30 13:08:40Z UTC	2011	1	2	3	0	2	1.0
5220	2011-01-30 02:07:05Z UTC	2011	1	1	4	-1	2	1.25
5227	2011-01-30 15:14:00Z UTC	2011	1	1	3	-2	4	1.33333333333333
5228	2011-01-30 15:13:10Z UTC	2011	1	4	4	3	8	5.75
5231	2011-01-30 11:28:06Z UTC	2011	1	1	3	0	2	1.33333333333333
5235	2011-01-30 13:50:02Z UTC	2011	1	3	4	0	3	1.5
5247	2011-01-31 11:08:46Z UTC	2011	1	1	4	0	2	0.75
5248	2011-01-31 10:52:03Z UTC	2011	1	1	1	0	0	0.0
5253	2011-02-09 14:40:40Z UTC	2011	2	4	2	3	6	4.5
5258	2011-01-31 12:42:53Z UTC	2011	1	2	2	0	1	0.5
5259	2011-01-31 13:49:07Z UTC	2011	1	5	3	1	14	5.33333333333333
5273	2011-02-03 20:33:03Z UTC	2011	2	7	4	1	4	1.75
5281	2011-02-01 16:28:02Z UTC	2011	2	3	4	0	1	0.75
5282	2011-02-01 14:44:07Z UTC	2011	2	5	5	-1	2	0.4
5285	2011-02-07 22:29:59Z UTC	2011	2	6	1	3	3	3.0
5289	2011-02-01 14:45:47Z UTC	2011	2	0	2	1	1	1.0
5298	2011-02-05 08:50:30Z UTC	2011	2	5	6	0	12	4.33333333333333
5301	2011-02-01 20:16:10Z UTC	2011	2	0	3	0	2	0.666666666666667
5308	2011-02-01 21:59:46Z UTC	2011	2	2	4	2	3	2.25
5318	2011-02-02 15:58:23Z UTC	2011	2	3	2	1	2	1.5
5319	2011-02-02 11:14:48Z UTC	2011	2	2	3	1	2	1.33333333333333
5321	2011-02-02 11:24:51Z UTC	2011	2	2	1	7	7	7.0
5323	2011-02-02 13:14:44Z UTC	2011	2	4	1	1	1	1.0
5328	2011-02-03 13:15:01Z UTC	2011	2	4	2	2	2	2.0
5330	2011-02-09 14:40:17Z UTC	2011	2	-1	1	3	3	3.0
5331	2011-02-02 14:57:57Z UTC	2011	2	2	1	3	3	3.0
5336	2011-02-04 21:33:24Z UTC	2011	2	4	2	1	2	1.5
5339	2011-03-05 10:44:22Z UTC	2011	3	3	2	3	4	3.5
5343	2011-02-02 23:58:24Z UTC	2011	2	2	5	0	3	1.8
5344	2011-02-07 22:25:35Z UTC	2011	2	5	7	0	9	2.42857142857143
5345	2011-02-03 02:25:41Z UTC	2011	2	0	2	5	5	5.0
5349	2011-02-07 22:35:12Z UTC	2011	2	3	2	3	3	3.0
5350	2011-02-09 12:37:35Z UTC	2011	2	-1	2	2	3	2.5
5364	2011-02-04 13:07:40Z UTC	2011	2	4	1	4	4	4.0
5369	2011-02-04 14:27:56Z UTC	2011	2	4	2	1	1	1.0
5372	2011-02-04 16:17:47Z UTC	2011	2	0	1	1	1	1.0
5378	2011-02-05 08:35:10Z UTC	2011	2	2	2	0	2	1.0
5380	2011-02-05 10:50:55Z UTC	2011	2	5	2	3	3	3.0
5381	2011-02-07 22:19:46Z UTC	2011	2	0	1	3	3	3.0
5385	2011-02-07 22:22:05Z UTC	2011	2	2	2	0	3	1.5
5392	2011-02-05 13:04:32Z UTC	2011	2	2	3	1	2	1.33333333333333
5397	2011-02-06 03:58:15Z UTC	2011	2	2	1	6	6	6.0
5399	2011-02-07 19:41:57Z UTC	2011	2	1	1	1	1	1.0
5400	2011-02-07 10:14:11Z UTC	2011	2	1	2	0	4	2.0
5401	2011-02-07 21:19:19Z UTC	2011	2	3	5	1	7	2.2
5404	2011-02-07 13:29:45Z UTC	2011	2	1	2	0	2	1.0
5412	2011-02-08 12:24:55Z UTC	2011	2	0	4	3	4	3.5
5413	2011-03-01 21:44:51Z UTC	2011	3	1	1	4	4	4.0
5420	2011-02-08 10:55:11Z UTC	2011	2	0	4	0	1	0.25
5422	2011-02-08 11:02:27Z UTC	2011	2	1	2	-1	2	0.5
5423	2011-02-08 11:16:56Z UTC	2011	2	1	2	0	2	1.0
5432	2011-02-09 22:48:08Z UTC	2011	2	3	1	1	1	1.0
5433	2011-02-08 22:20:42Z UTC	2011	2	13	5	3	11	5.6
5442	2011-02-09 03:30:59Z UTC	2011	2	8	2	2	4	3.0
5444	2011-02-09 14:29:55Z UTC	2011	2	2	5	0	3	2.0
5445	2011-02-09 09:59:23Z UTC	2011	2	0	1	3	3	3.0
5452	2011-02-09 12:38:28Z UTC	2011	2	2	3	1	2	1.33333333333333
5460	2011-02-09 23:01:26Z UTC	2011	2	6	5	2	9	3.6
5468	2011-02-10 16:27:19Z UTC	2011	2	3	2	2	5	3.5
5476	2011-02-10 14:30:43Z UTC	2011	2	2	9	-1	3	0.888888888888889
5477	2011-02-10 13:20:49Z UTC	2011	2	1	4	-2	1	0.25
5488	2011-02-11 08:08:58Z UTC	2011	2	2	1	3	3	3.0
5491	2011-02-10 17:32:40Z UTC	2011	2	0	1	0	0	0.0
5493	2011-02-10 21:54:38Z UTC	2011	2	2	3	2	3	2.33333333333333
5494	2011-02-10 23:13:22Z UTC	2011	2	3	1	4	4	4.0
5495	2011-02-11 15:42:19Z UTC	2011	2	2	2	2	5	3.5
5499	2011-02-11 06:07:30Z UTC	2011	2	2	1	2	2	2.0
5501	2011-02-11 10:43:34Z UTC	2011	2	6	2	4	6	5.0
5502	2011-02-11 15:25:05Z UTC	2011	2	2	2	4	4	4.0
5511	2011-02-12 08:10:17Z UTC	2011	2	3	1	0	0	0.0
5512	2011-02-11 14:37:12Z UTC	2011	2	1	1	6	6	6.0
5514	2011-02-11 15:21:24Z UTC	2011	2	0	1	1	1	1.0
5515	2011-02-12 08:57:09Z UTC	2011	2	2	1	5	5	5.0
5517	2011-02-11 16:07:30Z UTC	2011	2	1	2	1	2	1.5
5527	2011-02-11 22:46:10Z UTC	2011	2	0	1	6	6	6.0
5529	2011-02-12 11:03:16Z UTC	2011	2	0	2	0	2	1.0
5531	2011-02-15 22:41:52Z UTC	2011	2	4	2	2	7	4.5
5534	2011-02-13 01:17:59Z UTC	2011	2	2	1	1	1	1.0
5535	2011-02-14 15:13:40Z UTC	2011	2	2	5	0	6	3.0
5539	2011-02-13 17:21:30Z UTC	2011	2	2	3	1	5	3.0
5540	2011-02-14 14:22:07Z UTC	2011	2	4	3	2	8	4.66666666666667
5543	2011-02-13 20:40:06Z UTC	2011	2	1	3	0	3	1.66666666666667
5548	2011-02-14 22:29:20Z UTC	2011	2	1	1	1	1	1.0
5552	2011-02-14 16:24:20Z UTC	2011	2	3	4	3	9	5.0
5562	2011-02-14 20:51:33Z UTC	2011	2	3	4	2	6	3.5
5568	2011-02-17 05:41:29Z UTC	2011	2	2	3	1	2	1.33333333333333
5576	2011-02-15 14:08:52Z UTC	2011	2	0	3	0	5	3.0
5580	2011-02-15 14:41:05Z UTC	2011	2	1	2	1	5	3.0
5582	2011-02-15 15:07:50Z UTC	2011	2	0	2	0	1	0.5
5585	2011-02-15 16:38:40Z UTC	2011	2	5	3	2	3	2.66666666666667
5591	2011-02-15 19:51:01Z UTC	2011	2	0	1	1	1	1.0
5595	2011-02-15 21:26:17Z UTC	2011	2	1	3	0	2	1.33333333333333
5597	2011-02-17 00:25:30Z UTC	2011	2	3	3	2	3	2.66666666666667
5599	2011-02-15 23:48:05Z UTC	2011	2	0	3	0	3	1.33333333333333
5601	2011-02-16 23:28:06Z UTC	2011	2	0	2	1	2	1.5
5604	2011-02-16 22:19:56Z UTC	2011	2	5	3	4	4	4.0
5617	2011-02-16 18:44:59Z UTC	2011	2	2	3	2	4	2.66666666666667
5620	2011-02-16 20:30:03Z UTC	2011	2	4	2	0	0	0.0
5624	2011-02-20 17:02:02Z UTC	2011	2	0	1	5	5	5.0
5626	2011-02-16 23:08:57Z UTC	2011	2	1	1	2	2	2.0
5627	2011-02-17 00:19:49Z UTC	2011	2	1	1	1	1	1.0
5628	2011-02-17 01:44:00Z UTC	2011	2	0	2	0	1	0.5
5630	2011-02-17 01:48:10Z UTC	2011	2	2	3	0	2	1.0
5632	2011-02-17 03:45:03Z UTC	2011	2	0	2	3	3	3.0
5633	2011-02-17 07:42:44Z UTC	2011	2	1	1	1	1	1.0
5635	2011-02-17 10:48:05Z UTC	2011	2	1	4	0	6	2.0
5639	2011-02-17 12:14:14Z UTC	2011	2	1	3	0	3	1.66666666666667
5646	2011-02-17 15:06:47Z UTC	2011	2	0	2	2	3	2.5
5647	2011-02-17 15:37:33Z UTC	2011	2	0	1	2	2	2.0
5649	2011-02-17 16:13:45Z UTC	2011	2	0	1	0	0	0.0
5653	2011-02-17 17:59:36Z UTC	2011	2	0	2	2	3	2.5
5654	2011-02-18 10:40:56Z UTC	2011	2	2	3	1	3	2.0
5661	2011-03-04 11:36:02Z UTC	2011	3	1	3	0	4	1.66666666666667
5671	2011-02-18 11:24:16Z UTC	2011	2	1	3	0	3	1.33333333333333
5673	2011-02-18 21:46:46Z UTC	2011	2	0	2	3	4	3.5
5675	2011-02-18 15:21:02Z UTC	2011	2	0	2	0	1	0.5
5677	2011-02-18 16:34:25Z UTC	2011	2	0	1	4	4	4.0
5678	2011-02-19 10:43:40Z UTC	2011	2	8	5	4	7	5.6
5681	2011-02-18 18:07:30Z UTC	2011	2	6	5	1	6	3.8
5686	2011-02-19 02:14:24Z UTC	2011	2	0	1	1	1	1.0
5687	2011-02-18 21:10:24Z UTC	2011	2	2	3	1	3	1.66666666666667
5688	2011-02-18 19:59:02Z UTC	2011	2	1	3	1	4	3.0
5691	2011-02-18 20:08:13Z UTC	2011	2	2	1	3	3	3.0
5699	2011-02-18 23:59:28Z UTC	2011	2	2	5	0	4	1.8
5701	2011-02-19 02:22:02Z UTC	2011	2	2	2	3	4	3.5
5711	2011-02-20 12:58:31Z UTC	2011	2	0	1	2	2	2.0
5719	2011-02-21 11:48:01Z UTC	2011	2	6	6	0	9	3.66666666666667
5726	2011-02-21 06:50:01Z UTC	2011	2	0	1	1	1	1.0
5727	2011-02-23 13:17:49Z UTC	2011	2	1	2	0	1	0.5
5730	2011-02-21 09:49:13Z UTC	2011	2	0	1	0	0	0.0
5731	2011-02-21 21:21:29Z UTC	2011	2	1	2	2	3	2.5
5737	2011-02-21 12:28:18Z UTC	2011	2	0	1	0	0	0.0
5738	2011-02-21 13:37:57Z UTC	2011	2	1	2	0	3	1.5
5744	2011-03-04 11:35:11Z UTC	2011	3	2	3	2	3	2.33333333333333
5748	2011-02-22 00:54:31Z UTC	2011	2	2	2	3	5	4.0
5752	2011-02-23 21:24:01Z UTC	2011	2	5	5	0	8	2.6
5754	2011-02-22 00:32:57Z UTC	2011	2	4	2	2	2	2.0
5762	2011-03-01 07:22:01Z UTC	2011	3	0	3	0	1	0.666666666666667
5767	2011-02-22 11:04:31Z UTC	2011	2	1	2	2	4	3.0
5768	2011-02-22 11:12:27Z UTC	2011	2	4	2	2	2	2.0
5781	2011-02-22 15:22:18Z UTC	2011	2	0	1	3	3	3.0
5786	2011-02-22 19:52:07Z UTC	2011	2	2	1	6	6	6.0
5787	2011-02-23 15:09:58Z UTC	2011	2	0	3	1	2	1.33333333333333
5790	2011-02-23 09:28:29Z UTC	2011	2	0	2	1	2	1.5
5796	2011-02-22 23:33:48Z UTC	2011	2	6	6	0	8	3.5
5802	2011-02-23 04:17:20Z UTC	2011	2	2	4	1	6	3.75
5808	2011-02-23 10:51:06Z UTC	2011	2	1	2	0	4	2.0
5815	2011-02-23 16:39:23Z UTC	2011	2	0	1	3	3	3.0
5817	2011-02-23 21:24:20Z UTC	2011	2	1	2	1	2	1.5
5818	2011-02-23 17:43:00Z UTC	2011	2	2	6	0	2	0.666666666666667
5827	2011-02-24 01:30:24Z UTC	2011	2	2	2	2	3	2.5
5828	2011-02-24 02:20:28Z UTC	2011	2	9	6	0	10	3.33333333333333
5832	2011-02-24 08:33:42Z UTC	2011	2	2	1	2	2	2.0
5834	2011-02-25 16:53:13Z UTC	2011	2	3	2	1	2	1.5
5839	2011-02-24 15:53:10Z UTC	2011	2	0	1	3	3	3.0
5843	2011-02-24 17:31:23Z UTC	2011	2	5	1	3	3	3.0
5848	2011-02-24 19:03:49Z UTC	2011	2	1	1	2	2	2.0
5852	2011-02-24 22:43:04Z UTC	2011	2	2	2	0	3	1.5
5857	2011-03-04 11:31:57Z UTC	2011	3	0	3	0	3	1.66666666666667
5862	2011-02-25 13:12:48Z UTC	2011	2	4	5	1	2	1.6
5867	2011-02-27 10:02:48Z UTC	2011	2	0	1	2	2	2.0
5872	2011-02-26 11:22:23Z UTC	2011	2	1	2	0	5	2.5
5873	2011-02-25 18:06:23Z UTC	2011	2	2	4	2	5	3.25
5878	2011-02-26 05:13:08Z UTC	2011	2	2	3	1	2	1.66666666666667
5881	2011-02-26 19:04:00Z UTC	2011	2	1	4	0	1	0.5
5891	2011-02-26 14:57:10Z UTC	2011	2	0	1	1	1	1.0
5897	2011-03-01 07:28:25Z UTC	2011	3	4	4	0	5	2.25
5902	2011-03-01 13:06:22Z UTC	2011	3	4	1	3	3	3.0
5906	2011-02-28 10:12:21Z UTC	2011	2	1	3	1	5	3.66666666666667
5911	2011-02-27 11:29:43Z UTC	2011	2	3	4	0	3	1.75
5914	2011-02-28 08:19:25Z UTC	2011	2	4	5	0	5	2.0
5921	2011-02-27 19:40:35Z UTC	2011	2	2	1	4	4	4.0
5931	2011-03-05 18:58:35Z UTC	2011	3	8	8	3	8	4.25
5943	2011-03-02 06:59:33Z UTC	2011	3	6	3	1	2	1.33333333333333
5948	2011-02-28 17:12:16Z UTC	2011	2	1	1	1	1	1.0
5949	2011-03-01 06:44:31Z UTC	2011	3	0	3	0	2	0.666666666666667
5953	2011-02-28 19:19:46Z UTC	2011	2	0	3	3	4	3.66666666666667
5956	2011-02-28 20:00:49Z UTC	2011	2	1	3	1	6	3.0
5962	2011-02-28 22:32:15Z UTC	2011	2	6	1	1	1	1.0
5964	2011-02-28 21:39:36Z UTC	2011	2	1	1	4	4	4.0
5967	2011-03-01 03:25:55Z UTC	2011	3	2	4	0	1	0.5
5970	2011-03-01 11:51:42Z UTC	2011	3	2	1	2	2	2.0
5972	2011-03-01 15:54:44Z UTC	2011	3	2	3	2	6	3.33333333333333
5975	2011-03-01 06:34:44Z UTC	2011	3	0	1	5	5	5.0
5983	2011-03-01 12:35:43Z UTC	2011	3	3	3	3	6	4.33333333333333
5991	2011-03-01 16:05:41Z UTC	2011	3	5	4	1	4	2.0
5997	2011-03-01 22:12:17Z UTC	2011	3	1	2	0	1	0.5
6000	2011-03-02 05:30:26Z UTC	2011	3	1	5	0	3	1.6
6004	2011-03-02 15:33:26Z UTC	2011	3	0	1	2	2	2.0
6005	2011-03-02 08:45:49Z UTC	2011	3	3	2	2	3	2.5
6007	2011-03-02 10:04:08Z UTC	2011	3	0	1	6	6	6.0
6013	2011-03-02 11:31:01Z UTC	2011	3	0	1	1	1	1.0
6015	2011-03-02 11:57:11Z UTC	2011	3	3	1	3	3	3.0
6023	2011-03-02 16:25:41Z UTC	2011	3	7	2	0	1	0.5
6027	2011-03-03 02:49:08Z UTC	2011	3	7	4	2	5	3.75
6030	2011-03-02 19:11:42Z UTC	2011	3	0	4	1	2	1.5
6036	2011-03-05 11:08:40Z UTC	2011	3	2	1	4	4	4.0
6040	2011-03-02 22:21:22Z UTC	2011	3	1	1	2	2	2.0
6041	2011-03-03 07:23:49Z UTC	2011	3	2	3	1	7	3.33333333333333
6045	2011-03-03 15:13:34Z UTC	2011	3	7	2	13	16	14.5
6049	2011-03-03 07:55:16Z UTC	2011	3	1	4	0	5	2.5
6051	2011-03-03 08:40:25Z UTC	2011	3	2	1	2	2	2.0
6057	2011-03-03 11:51:03Z UTC	2011	3	3	6	0	5	1.5
6061	2011-03-03 12:50:09Z UTC	2011	3	2	3	1	3	2.0
6062	2011-03-03 12:57:54Z UTC	2011	3	13	7	2	10	6.0
6071	2011-03-03 14:19:39Z UTC	2011	3	3	6	1	5	3.0
6083	2011-03-04 11:34:04Z UTC	2011	3	1	1	0	0	0.0
6085	2011-03-03 17:59:42Z UTC	2011	3	2	2	2	2	2.0
6088	2011-03-03 20:47:48Z UTC	2011	3	0	1	3	3	3.0
6089	2011-03-04 11:31:17Z UTC	2011	3	1	3	0	2	0.666666666666667
6096	2011-03-03 20:06:30Z UTC	2011	3	0	2	1	1	1.0
6100	2011-03-05 11:10:38Z UTC	2011	3	5	9	0	10	4.77777777777778
6107	2011-03-03 22:43:12Z UTC	2011	3	3	2	2	3	2.5
6112	2011-03-04 15:05:09Z UTC	2011	3	1	3	0	4	2.0
6117	2011-03-04 07:41:32Z UTC	2011	3	2	3	0	3	1.33333333333333
6122	2011-03-04 11:05:46Z UTC	2011	3	0	4	0	2	0.5
6129	2011-03-04 14:00:55Z UTC	2011	3	1	1	4	4	4.0
6134	2011-03-04 15:23:42Z UTC	2011	3	1	3	1	3	2.33333333333333
6135	2011-03-04 15:37:47Z UTC	2011	3	1	2	0	2	1.0
6137	2011-03-04 15:46:59Z UTC	2011	3	4	1	4	4	4.0
6143	2011-03-04 17:15:47Z UTC	2011	3	0	1	2	2	2.0
6146	2011-03-04 18:37:02Z UTC	2011	3	0	1	1	1	1.0
6148	2011-03-05 11:12:33Z UTC	2011	3	3	2	1	5	3.0
6149	2011-03-04 21:52:36Z UTC	2011	3	3	2	2	3	2.5
6153	2011-03-05 01:44:11Z UTC	2011	3	-1	1	6	6	6.0
6161	2011-03-06 02:41:50Z UTC	2011	3	4	1	7	7	7.0
6164	2011-03-05 20:01:58Z UTC	2011	3	3	2	0	3	1.5
6170	2011-03-06 07:56:18Z UTC	2011	3	0	2	2	4	3.0
